Mon Aug  9 17:09:33 2021, 0, 1050, 0, 6, 3630, 0, 7, 450, 0, 0, 0
Mon Aug  9 17:10:33 2021, 0, 1050, 0, 6, 3630, 0, 7, 450, 0, 0, 0
Mon Aug  9 17:11:34 2021, 0, 1050, 0, 6, 3630, 0, 7, 450, 0, 0, 0
Mon Aug  9 17:12:34 2021, 0, 1050, 0, 6, 3630, 0, 7, 450, 0, 0, 0
Mon Aug  9 17:13:35 2021, 0, 1050, 0, 6, 3630, 0, 7, 450, 0, 0, 0
Mon Aug  9 17:14:35 2021, 0, 1050, 0, 6, 3630, 0, 7, 450, 0, 0, 0
Mon Aug  9 17:15:36 2021, 0, 1050, 0, 6, 3630, 0, 7, 450, 0, 0, 0
Mon Aug  9 17:16:36 2021, 0, 1050, 0, 6, 3630, 0, 7, 450, 0, 0, 0
Mon Aug  9 17:17:37 2021, 0, 1050, 0, 6, 3630, 0, 7, 450, 0, 0, 0
Mon Aug  9 17:18:37 2021, 0, 1050, 0, 6, 3630, 0, 7, 450, 0, 0, 0
Mon Aug  9 17:19:38 2021, 0, 1050, 0, 6, 3630, 0, 7, 450, 0, 0, 0
Mon Aug  9 17:20:38 2021, 0, 1050, 0, 6, 3630, 0, 7, 450, 0, 0, 0
Mon Aug  9 17:21:39 2021, 0, 1050, 0, 6, 3630, 0, 7, 450, 0, 0, 0
Mon Aug  9 17:22:39 2021, 0, 1050, 0, 6, 3630, 0, 7, 450, 0, 0, 0
Mon Aug  9 17:23:40 2021, 0, 1050, 0, 6, 3630, 0, 7, 450, 0, 0, 0
Mon Aug  9 17:24:40 2021, 0, 1050, 0, 6, 3630, 0, 7, 450, 0, 0, 0
Mon Aug  9 17:25:41 2021, 0, 1050, 0, 6, 3630, 0, 7, 450, 0, 0, 0
Mon Aug  9 17:26:41 2021, 0, 1050, 0, 6, 3630, 0, 7, 450, 0, 0, 0
Mon Aug  9 17:27:42 2021, 0, 1050, 0, 6, 3630, 0, 7, 450, 0, 0, 0
Mon Aug  9 17:28:42 2021, 0, 1050, 0, 6, 3630, 0, 7, 450, 0, 0, 0
Mon Aug  9 17:29:43 2021, 0, 1050, 0, 6, 3630, 0, 7, 450, 0, 0, 0
Mon Aug  9 17:30:43 2021, 0, 1050, 0, 6, 3630, 0, 7, 450, 0, 0, 0
Mon Aug  9 17:31:44 2021, 0, 1050, 0, 6, 3630, 0, 7, 450, 0, 0, 0
Mon Aug  9 17:32:44 2021, 0, 1050, 0, 6, 3630, 0, 7, 450, 0, 0, 0
Mon Aug  9 17:33:45 2021, 0, 1050, 0, 6, 3630, 0, 7, 450, 0, 0, 0
Mon Aug  9 17:34:45 2021, 0, 1050, 0, 6, 3630, 0, 7, 450, 0, 0, 0
Mon Aug  9 17:35:46 2021, 0, 1050, 0, 6, 3630, 0, 7, 600, 0, 4438.71, 1
Mon Aug  9 17:36:47 2021, 0, 1125, 4500, 6, 3630, 0, 7, 1050, 0, 4418.06, 1
Mon Aug  9 17:37:47 2021, 0, 1200, 4500, 6, 3630, 0, 7, 1050, 0, 4387.1, 1
Mon Aug  9 17:38:48 2021, 0, 1350, 4500, 6, 3630, 0, 7, 1050, 0, 4376.77, 1
Mon Aug  9 17:39:48 2021, 0, 1425, 4500, 6, 3630, 0, 7, 975, 0, 4428.39, 1
Mon Aug  9 17:40:49 2021, 0, 1500, 4500, 6, 3630, 0, 7, 900, 0, 4376.77, 1
Mon Aug  9 17:41:49 2021, 0, 1575, 4500, 6, 3630, 0, 7, 750, 0, 4376.77, 1
Mon Aug  9 17:42:50 2021, 0, 1650, 4500, 6, 3630, 0, 7, 675, 0, 4397.42, 1
Mon Aug  9 17:43:50 2021, 0, 1725, 4500, 6, 3630, 0, 7, 600, 0, 4418.06, 1
Mon Aug  9 17:44:51 2021, 0, 1800, 4500, 6, 3630, 0, 7, 525, 0, 4428.39, 1
Mon Aug  9 17:45:51 2021, 0, 1875, 4500, 6, 3630, 0, 7, 375, 0, 4376.77, 1
Mon Aug  9 17:46:52 2021, 0, 1950, 4500, 6, 3630, 0, 7, 300, 0, 4397.42, 1
Mon Aug  9 17:47:52 2021, 0, 2025, 4500, 6, 3630, 0, 7, 225, 0, 4418.06, 1
Mon Aug  9 17:48:53 2021, 0, 2100, 4500, 6, 3630, 0, 7, 225, 0, 4418.06, 1
Mon Aug  9 17:49:53 2021, 0, 2175, 4500, 6, 3630, 0, 7, 75, 0, 4376.77, 1
Mon Aug  9 17:50:54 2021, 0, 2250, 4500, 6, 3630, 0, 7, 75, 0, 4397.42, 1
Mon Aug  9 17:51:54 2021, 0, 2250, 0, 6, 3630, 0, 7, 0, 0, 0, 0
Mon Aug  9 17:52:55 2021, 0, 2250, 0, 6, 3630, 0, 7, 0, 0, 0, 0
Mon Aug  9 17:53:55 2021, 0, 2250, 0, 6, 3630, 0, 7, 0, 0, 0, 0
Mon Aug  9 17:54:56 2021, 0, 2250, 0, 6, 3630, 0, 7, 0, 0, 0, 0
Mon Aug  9 17:55:56 2021, 0, 2250, 0, 6, 3630, 0, 7, 0, 0, 0, 0
Mon Aug  9 17:56:57 2021, 0, 2250, 0, 6, 3630, 0, 7, 0, 0, 0, 0
Mon Aug  9 17:57:57 2021, 0, 2250, 0, 6, 3630, 0, 7, 75, 0, 0, 0
Mon Aug  9 17:58:58 2021, 0, 2250, 0, 6, 3630, 0, 7, 75, 0, 0, 0
Mon Aug  9 17:59:58 2021, 0, 2250, 0, 6, 3630, 0, 7, 150, 0, 0, 0
Mon Aug  9 18:00:59 2021, 0, 2250, 0, 6, 3630, 0, 7, 150, 0, 0, 0
Mon Aug  9 18:01:59 2021, 0, 2250, 0, 6, 3630, 0, 7, 150, 0, 0, 0
Mon Aug  9 18:03:00 2021, 0, 2250, 0, 6, 3630, 0, 7, 150, 0, 0, 0
Mon Aug  9 18:04:00 2021, 0, 2250, 0, 6, 3630, 0, 7, 150, 0, 0, 0
Mon Aug  9 18:05:01 2021, 0, 2250, 0, 6, 3630, 0, 7, 150, 0, 0, 0
Mon Aug  9 18:06:01 2021, 0, 2250, 0, 6, 3630, 0, 7, 150, 0, 0, 0
Mon Aug  9 18:07:02 2021, 0, 2250, 0, 6, 3630, 0, 7, 225, 0, 0, 0
Mon Aug  9 18:08:02 2021, 0, 2250, 0, 6, 3630, 0, 7, 225, 0, 0, 0
Mon Aug  9 18:09:03 2021, 0, 2250, 0, 6, 3630, 0, 7, 225, 0, 0, 0
Mon Aug  9 18:10:03 2021, 0, 2250, 0, 6, 3630, 0, 7, 225, 0, 0, 0
Mon Aug  9 18:11:04 2021, 0, 2250, 0, 6, 3630, 0, 7, 225, 0, 0, 0
Mon Aug  9 18:12:04 2021, 0, 2250, 0, 6, 3630, 0, 7, 225, 0, 0, 0
Mon Aug  9 18:13:05 2021, 0, 2250, 0, 6, 3630, 0, 7, 225, 0, 0, 0
Mon Aug  9 18:14:05 2021, 0, 2250, 0, 6, 3630, 0, 7, 225, 0, 0, 0
Mon Aug  9 18:15:06 2021, 0, 2250, 0, 6, 3630, 0, 7, 225, 0, 0, 0
Mon Aug  9 18:16:06 2021, 0, 2250, 0, 6, 3630, 0, 7, 225, 0, 0, 0
Mon Aug  9 18:17:07 2021, 0, 2250, 0, 6, 3630, 0, 7, 225, 0, 0, 0
Mon Aug  9 18:18:07 2021, 0, 2250, 0, 6, 3630, 0, 7, 225, 0, 0, 0
Mon Aug  9 18:19:08 2021, 0, 2250, 0, 6, 3630, 0, 7, 225, 0, 0, 0
Mon Aug  9 18:20:08 2021, 0, 2250, 0, 6, 3630, 0, 7, 225, 0, 0, 0
Mon Aug  9 18:21:09 2021, 0, 2250, 0, 6, 3630, 0, 7, 225, 0, 0, 0
Mon Aug  9 18:22:09 2021, 0, 2250, 0, 6, 3630, 0, 7, 225, 0, 0, 0
Mon Aug  9 18:23:10 2021, 0, 2250, 0, 6, 3630, 0, 7, 225, 0, 0, 0
Mon Aug  9 18:24:10 2021, 0, 2250, 0, 6, 3630, 0, 7, 225, 0, 0, 0
Mon Aug  9 18:25:11 2021, 0, 2250, 0, 6, 3630, 0, 7, 225, 0, 0, 0
Mon Aug  9 18:26:11 2021, 0, 2250, 0, 6, 3630, 0, 7, 225, 0, 0, 0
Mon Aug  9 18:27:12 2021, 0, 2250, 0, 6, 3630, 0, 7, 225, 0, 0, 0
Mon Aug  9 18:28:12 2021, 0, 2250, 0, 6, 3630, 0, 7, 225, 0, 0, 0
Mon Aug  9 18:29:13 2021, 0, 2250, 0, 6, 3630, 0, 7, 225, 0, 0, 0
Mon Aug  9 18:30:13 2021, 0, 2250, 0, 6, 3630, 0, 7, 225, 0, 0, 0
Mon Aug  9 18:31:14 2021, 0, 2250, 0, 6, 3630, 0, 7, 225, 0, 0, 0
Mon Aug  9 18:32:14 2021, 0, 2250, 0, 6, 3630, 0, 7, 225, 0, 0, 0
Mon Aug  9 18:33:15 2021, 0, 2250, 0, 6, 3630, 0, 7, 225, 0, 0, 0
Mon Aug  9 18:34:15 2021, 0, 2250, 0, 6, 3630, 0, 7, 225, 0, 0, 0
Mon Aug  9 18:35:16 2021, 0, 2250, 0, 6, 3630, 0, 7, 225, 0, 0, 0
Mon Aug  9 18:36:16 2021, 0, 2250, 0, 6, 3630, 0, 7, 225, 0, 0, 0
Mon Aug  9 18:37:17 2021, 0, 2250, 0, 6, 3630, 0, 7, 225, 0, 0, 0
Mon Aug  9 18:38:17 2021, 0, 2250, 0, 6, 3630, 0, 7, 225, 0, 0, 0
Mon Aug  9 18:39:18 2021, 0, 2250, 0, 6, 3630, 0, 7, 225, 0, 0, 0
Mon Aug  9 18:40:18 2021, 0, 2250, 0, 6, 3630, 0, 7, 225, 0, 0, 0
Mon Aug  9 18:41:19 2021, 0, 2250, 0, 6, 3630, 0, 7, 225, 0, 0, 0
Mon Aug  9 18:42:20 2021, 0, 2250, 0, 6, 3630, 0, 7, 225, 0, 0, 0
Mon Aug  9 18:43:20 2021, 0, 2250, 0, 6, 3630, 0, 7, 225, 0, 0, 0
Mon Aug  9 18:44:21 2021, 0, 2250, 0, 6, 3630, 0, 7, 225, 0, 0, 0
Mon Aug  9 18:45:21 2021, 0, 2250, 0, 6, 3630, 0, 7, 225, 0, 0, 0
Mon Aug  9 18:46:22 2021, 0, 2250, 0, 6, 3630, 0, 7, 225, 0, 0, 0
Mon Aug  9 18:47:22 2021, 0, 2250, 0, 6, 3630, 0, 7, 225, 0, 0, 0
Mon Aug  9 18:48:23 2021, 0, 2250, 0, 6, 3630, 0, 7, 225, 0, 0, 0
Mon Aug  9 18:49:23 2021, 0, 2250, 0, 6, 3630, 0, 7, 225, 0, 0, 0
Mon Aug  9 18:50:24 2021, 0, 2250, 0, 6, 3630, 0, 7, 225, 0, 0, 0
Mon Aug  9 18:51:24 2021, 0, 2250, 0, 6, 3630, 0, 7, 225, 0, 0, 0
Mon Aug  9 18:52:25 2021, 0, 2250, 0, 6, 3630, 0, 7, 225, 0, 0, 0
Mon Aug  9 18:53:25 2021, 0, 2250, 0, 6, 3630, 0, 7, 225, 0, 0, 0
Mon Aug  9 18:54:26 2021, 0, 2250, 0, 6, 3630, 0, 7, 225, 0, 0, 0
Mon Aug  9 18:55:26 2021, 0, 2250, 0, 6, 3630, 0, 7, 225, 0, 0, 0
Mon Aug  9 18:56:27 2021, 0, 2250, 0, 6, 3630, 0, 7, 225, 0, 0, 0
Mon Aug  9 18:57:27 2021, 0, 2250, 0, 6, 3630, 0, 7, 300, 0, 0, 0
Mon Aug  9 18:58:28 2021, 0, 2250, 0, 6, 3630, 0, 7, 300, 0, 0, 0
Mon Aug  9 18:59:28 2021, 0, 2250, 0, 6, 3630, 0, 7, 300, 0, 0, 0
Mon Aug  9 19:00:29 2021, 0, 2250, 0, 6, 3630, 0, 7, 300, 0, 0, 0
Mon Aug  9 19:01:29 2021, 0, 2250, 0, 6, 3630, 0, 7, 300, 0, 0, 0
Mon Aug  9 19:02:30 2021, 0, 2250, 0, 6, 3630, 0, 7, 300, 0, 0, 0
Mon Aug  9 19:03:30 2021, 0, 2250, 0, 6, 3630, 0, 7, 300, 0, 0, 0
Mon Aug  9 19:04:31 2021, 0, 2250, 0, 6, 3630, 0, 7, 300, 0, 0, 0
Mon Aug  9 19:05:31 2021, 0, 2250, 0, 6, 3630, 0, 7, 300, 0, 0, 0
Mon Aug  9 19:06:32 2021, 0, 2250, 0, 6, 3630, 0, 7, 300, 0, 0, 0
Mon Aug  9 19:07:32 2021, 0, 2250, 0, 6, 3630, 0, 7, 300, 0, 0, 0
Mon Aug  9 19:08:33 2021, 0, 2250, 0, 6, 3630, 0, 7, 300, 0, 0, 0
Mon Aug  9 19:09:33 2021, 0, 2250, 0, 6, 3630, 0, 7, 300, 0, 0, 0
Mon Aug  9 19:10:34 2021, 0, 2250, 0, 6, 3630, 0, 7, 300, 0, 0, 0
Mon Aug  9 19:11:34 2021, 0, 2250, 0, 6, 3630, 0, 7, 300, 0, 0, 0
Mon Aug  9 19:12:35 2021, 0, 2250, 0, 6, 3630, 0, 7, 300, 0, 0, 0
Mon Aug  9 19:13:35 2021, 0, 2250, 0, 6, 3630, 0, 7, 300, 0, 0, 0
Mon Aug  9 19:14:36 2021, 0, 2250, 0, 6, 3630, 0, 7, 300, 0, 0, 0
Mon Aug  9 19:15:36 2021, 0, 2250, 0, 6, 3630, 0, 7, 300, 0, 0, 0
Mon Aug  9 19:16:37 2021, 0, 2250, 0, 6, 3630, 0, 7, 300, 0, 0, 0
Mon Aug  9 19:17:37 2021, 0, 2250, 0, 6, 3630, 0, 7, 300, 0, 0, 0
Mon Aug  9 19:18:38 2021, 0, 2250, 0, 6, 3630, 0, 7, 300, 0, 0, 0
Mon Aug  9 19:19:38 2021, 0, 2250, 0, 6, 3630, 0, 7, 300, 0, 0, 0
Mon Aug  9 19:20:39 2021, 0, 2250, 0, 6, 3630, 0, 7, 300, 0, 0, 0
Mon Aug  9 19:21:39 2021, 0, 2250, 0, 6, 3630, 0, 7, 300, 0, 0, 0
Mon Aug  9 19:22:40 2021, 0, 2250, 0, 6, 3630, 0, 7, 300, 0, 0, 0
Mon Aug  9 19:23:40 2021, 0, 2250, 0, 6, 3630, 0, 7, 300, 0, 0, 0
Mon Aug  9 19:24:41 2021, 0, 2250, 0, 6, 3630, 0, 7, 300, 0, 0, 0
Mon Aug  9 19:25:41 2021, 0, 2250, 0, 6, 3630, 0, 7, 300, 0, 0, 0
Mon Aug  9 19:26:42 2021, 0, 2250, 0, 6, 3630, 0, 7, 300, 0, 0, 0
Mon Aug  9 19:27:42 2021, 0, 2250, 0, 6, 3630, 0, 7, 300, 0, 0, 0
Mon Aug  9 19:28:43 2021, 0, 2250, 0, 6, 3630, 0, 7, 375, 0, 0, 0
Mon Aug  9 19:29:43 2021, 0, 2250, 0, 6, 3630, 0, 7, 375, 0, 0, 0
Mon Aug  9 19:30:44 2021, 0, 2250, 0, 6, 3630, 0, 7, 375, 0, 0, 0
Mon Aug  9 19:31:44 2021, 0, 2250, 0, 6, 3630, 0, 7, 375, 0, 0, 0
Mon Aug  9 19:32:45 2021, 0, 2250, 0, 6, 3630, 0, 7, 375, 0, 0, 0
Mon Aug  9 19:33:45 2021, 0, 2250, 0, 6, 3630, 0, 7, 375, 0, 0, 0
Mon Aug  9 19:34:46 2021, 0, 2250, 0, 6, 3630, 0, 7, 375, 0, 0, 0
Mon Aug  9 19:35:46 2021, 0, 2250, 0, 6, 3630, 0, 7, 375, 0, 0, 0
Mon Aug  9 19:36:47 2021, 0, 2250, 0, 6, 3630, 0, 7, 375, 0, 0, 0
Mon Aug  9 19:37:47 2021, 0, 2250, 0, 6, 3630, 0, 7, 375, 0, 0, 0
Mon Aug  9 19:38:48 2021, 0, 2250, 0, 6, 3630, 0, 7, 375, 0, 0, 0
Mon Aug  9 19:39:48 2021, 0, 2250, 0, 6, 3630, 0, 7, 375, 0, 0, 0
Mon Aug  9 19:40:49 2021, 0, 2250, 0, 6, 3630, 0, 7, 375, 0, 0, 0
Mon Aug  9 19:41:49 2021, 0, 2250, 0, 6, 3630, 0, 7, 375, 0, 0, 0
Mon Aug  9 19:42:50 2021, 0, 2250, 0, 6, 3630, 0, 7, 375, 0, 0, 0
Mon Aug  9 19:43:50 2021, 0, 2250, 0, 6, 3630, 0, 7, 375, 0, 0, 0
Mon Aug  9 19:44:51 2021, 0, 2250, 0, 6, 3630, 0, 7, 375, 0, 0, 0
Mon Aug  9 19:45:51 2021, 0, 2250, 0, 6, 3630, 0, 7, 375, 0, 0, 0
Mon Aug  9 19:46:52 2021, 0, 2250, 0, 6, 3630, 0, 7, 375, 0, 0, 0
Mon Aug  9 19:47:52 2021, 0, 2250, 0, 6, 3630, 0, 7, 375, 0, 0, 0
Mon Aug  9 19:48:53 2021, 0, 2250, 0, 6, 3630, 0, 7, 375, 0, 0, 0
Mon Aug  9 19:49:53 2021, 0, 2250, 0, 6, 3630, 0, 7, 375, 0, 0, 0
Mon Aug  9 19:50:54 2021, 0, 2250, 0, 6, 3630, 0, 7, 375, 0, 0, 0
Mon Aug  9 19:51:54 2021, 0, 2250, 0, 6, 3630, 0, 7, 375, 0, 0, 0
Mon Aug  9 19:52:06 2021, 0, 2250, 0, 6, 3630, 0, 7, 375, 0, 0, 0
Mon Aug  9 19:52:53 2021, 0, 2250, 0, 6, 3630, 0, 7, 375, 0, 0, 0
Mon Aug  9 19:53:53 2021, 0, 2250, 0, 6, 3630, 0, 7, 375, 0, 0, 0
Mon Aug  9 19:54:54 2021, 0, 2250, 0, 6, 3630, 0, 7, 375, 0, 0, 0
Mon Aug  9 19:55:54 2021, 0, 2250, 0, 6, 3630, 0, 7, 375, 0, 0, 0
Mon Aug  9 19:56:55 2021, 0, 2250, 0, 6, 3630, 0, 7, 375, 0, 0, 0
Mon Aug  9 19:57:55 2021, 0, 2250, 0, 6, 3630, 0, 7, 375, 0, 0, 0
Mon Aug  9 19:58:56 2021, 0, 2250, 0, 6, 3630, 0, 7, 375, 0, 0, 0
Mon Aug  9 19:59:56 2021, 0, 2250, 0, 6, 3630, 0, 7, 375, 0, 0, 0
Mon Aug  9 20:00:57 2021, 0, 2250, 0, 6, 3630, 0, 7, 375, 0, 0, 0
Mon Aug  9 20:01:57 2021, 0, 2250, 0, 6, 3630, 0, 7, 375, 0, 0, 0
Mon Aug  9 20:02:58 2021, 0, 2250, 0, 6, 3630, 0, 7, 375, 0, 0, 0
Mon Aug  9 20:03:58 2021, 0, 2250, 0, 6, 3630, 0, 7, 375, 0, 0, 0
Mon Aug  9 20:04:59 2021, 0, 2250, 0, 6, 3630, 0, 7, 375, 0, 0, 0
Mon Aug  9 20:05:59 2021, 0, 2250, 0, 6, 3630, 0, 7, 375, 0, 0, 0
Mon Aug  9 20:07:00 2021, 0, 2250, 0, 6, 3630, 0, 7, 375, 0, 0, 0
Mon Aug  9 20:08:00 2021, 0, 2250, 0, 6, 3630, 0, 7, 375, 0, 0, 0
Mon Aug  9 20:09:01 2021, 0, 2250, 0, 6, 3630, 0, 7, 375, 0, 0, 0
Mon Aug  9 20:10:01 2021, 0, 2250, 0, 6, 3630, 0, 7, 375, 0, 0, 0
Mon Aug  9 20:11:02 2021, 0, 2250, 0, 6, 3630, 0, 7, 375, 0, 0, 0
Mon Aug  9 20:12:02 2021, 0, 2250, 0, 6, 3630, 0, 7, 375, 0, 0, 0
Mon Aug  9 20:13:03 2021, 0, 2250, 0, 6, 3630, 0, 7, 375, 0, 0, 0
Mon Aug  9 20:14:03 2021, 0, 2250, 0, 6, 3630, 0, 7, 375, 0, 0, 0
Mon Aug  9 20:15:04 2021, 0, 2250, 0, 6, 3630, 0, 7, 375, 0, 0, 0
Mon Aug  9 20:16:04 2021, 0, 2250, 0, 6, 3630, 0, 7, 375, 0, 0, 0
Mon Aug  9 20:17:05 2021, 0, 2250, 0, 6, 3630, 0, 7, 375, 0, 0, 0
Mon Aug  9 20:18:05 2021, 0, 2250, 0, 6, 3630, 0, 7, 375, 0, 0, 0
Mon Aug  9 20:19:06 2021, 0, 2250, 0, 6, 3630, 0, 7, 375, 0, 0, 0
Mon Aug  9 20:20:06 2021, 0, 2250, 0, 6, 3630, 0, 7, 375, 0, 0, 0
Mon Aug  9 20:21:07 2021, 0, 2250, 0, 6, 3630, 0, 7, 375, 0, 0, 0
Mon Aug  9 20:22:07 2021, 0, 2250, 0, 6, 3630, 0, 7, 375, 0, 0, 0
Mon Aug  9 20:23:08 2021, 0, 2250, 0, 6, 3630, 0, 7, 375, 0, 0, 0
Mon Aug  9 20:24:08 2021, 0, 2250, 0, 6, 3630, 0, 7, 375, 0, 0, 0
Mon Aug  9 20:25:09 2021, 0, 2250, 0, 6, 3630, 0, 7, 375, 0, 0, 0
Mon Aug  9 20:26:10 2021, 0, 2250, 0, 6, 3630, 0, 7, 375, 0, 0, 0
Mon Aug  9 20:27:10 2021, 0, 2250, 0, 6, 3630, 0, 7, 375, 0, 0, 0
Mon Aug  9 20:28:11 2021, 0, 2250, 0, 6, 3630, 0, 7, 375, 0, 0, 0
Mon Aug  9 20:29:11 2021, 0, 2250, 0, 6, 3630, 0, 7, 375, 0, 0, 0
Mon Aug  9 20:30:12 2021, 0, 2250, 0, 6, 3630, 0, 7, 375, 0, 0, 0
Mon Aug  9 20:31:12 2021, 0, 2250, 0, 6, 3630, 0, 7, 375, 0, 0, 0
Mon Aug  9 20:32:13 2021, 0, 2250, 0, 6, 3630, 0, 7, 375, 0, 0, 0
Mon Aug  9 20:33:13 2021, 0, 2250, 0, 6, 3630, 0, 7, 375, 0, 0, 0
Mon Aug  9 20:34:14 2021, 0, 2250, 0, 6, 3630, 0, 7, 375, 0, 0, 0
Mon Aug  9 20:35:14 2021, 0, 2250, 0, 6, 3630, 0, 7, 375, 0, 0, 0
Mon Aug  9 20:36:15 2021, 0, 2250, 0, 6, 3630, 0, 7, 375, 0, 0, 0
Mon Aug  9 20:37:15 2021, 0, 2250, 0, 6, 3630, 0, 7, 375, 0, 0, 0
Mon Aug  9 20:38:16 2021, 0, 2250, 0, 6, 3630, 0, 7, 375, 0, 0, 0
Mon Aug  9 20:39:16 2021, 0, 2250, 0, 6, 3630, 0, 7, 375, 0, 0, 0
Mon Aug  9 20:40:17 2021, 0, 2250, 0, 6, 3630, 0, 7, 375, 0, 0, 0
Mon Aug  9 20:41:17 2021, 0, 2250, 0, 6, 3630, 0, 7, 375, 0, 0, 0
Mon Aug  9 20:42:18 2021, 0, 2250, 0, 6, 3630, 0, 7, 375, 0, 0, 0
Mon Aug  9 20:43:18 2021, 0, 2250, 0, 6, 3630, 0, 7, 375, 0, 0, 0
Mon Aug  9 20:44:19 2021, 0, 2250, 0, 6, 3630, 0, 7, 375, 0, 0, 0
Mon Aug  9 20:45:19 2021, 0, 2250, 0, 6, 3630, 0, 7, 375, 0, 0, 0
Mon Aug  9 20:46:20 2021, 0, 2250, 0, 6, 3630, 0, 7, 375, 0, 0, 0
Mon Aug  9 20:47:20 2021, 0, 2250, 0, 6, 3630, 0, 7, 375, 0, 0, 0
Mon Aug  9 20:48:21 2021, 0, 2250, 0, 6, 3630, 0, 7, 375, 0, 0, 0
Mon Aug  9 20:49:21 2021, 0, 2250, 0, 6, 3630, 0, 7, 375, 0, 0, 0
Mon Aug  9 20:50:22 2021, 0, 2250, 0, 6, 3630, 0, 7, 375, 0, 0, 0
Mon Aug  9 20:51:22 2021, 0, 2250, 0, 6, 3630, 0, 7, 375, 0, 0, 0
Mon Aug  9 20:52:23 2021, 0, 2250, 0, 6, 3630, 0, 7, 375, 0, 0, 0
Mon Aug  9 20:53:23 2021, 0, 2250, 0, 6, 3630, 0, 7, 375, 0, 0, 0
Mon Aug  9 20:54:24 2021, 0, 2250, 0, 6, 3630, 0, 7, 375, 0, 0, 0
Mon Aug  9 20:55:24 2021, 0, 2250, 0, 6, 3630, 0, 7, 375, 0, 0, 0
Mon Aug  9 20:56:25 2021, 0, 2250, 0, 6, 3630, 0, 7, 375, 0, 0, 0
Mon Aug  9 20:57:25 2021, 0, 2250, 0, 6, 3630, 0, 7, 375, 0, 0, 0
Mon Aug  9 20:58:26 2021, 0, 2250, 0, 6, 3630, 0, 7, 375, 0, 0, 0
Mon Aug  9 20:59:26 2021, 0, 2250, 0, 6, 3630, 0, 7, 375, 0, 0, 0
Mon Aug  9 21:00:27 2021, 0, 2250, 0, 6, 3630, 0, 7, 375, 0, 0, 0
Mon Aug  9 21:01:27 2021, 0, 2250, 0, 6, 3630, 0, 7, 375, 0, 0, 0
Mon Aug  9 21:02:28 2021, 0, 2250, 0, 6, 3630, 0, 7, 375, 0, 0, 0
Mon Aug  9 21:03:28 2021, 0, 2250, 0, 6, 3630, 0, 7, 375, 0, 0, 0
Mon Aug  9 21:04:29 2021, 0, 2250, 0, 6, 3630, 0, 7, 375, 0, 0, 0
Mon Aug  9 21:05:29 2021, 0, 2250, 0, 6, 3630, 0, 7, 375, 0, 0, 0
Mon Aug  9 21:06:30 2021, 0, 2250, 0, 6, 3630, 0, 7, 375, 0, 0, 0
Mon Aug  9 21:07:30 2021, 0, 2250, 0, 6, 3630, 0, 7, 375, 0, 0, 0
Mon Aug  9 21:08:31 2021, 0, 2250, 0, 6, 3630, 0, 7, 375, 0, 0, 0
Mon Aug  9 21:09:31 2021, 0, 2250, 0, 6, 3630, 0, 7, 375, 0, 0, 0
Mon Aug  9 21:10:32 2021, 0, 2250, 0, 6, 3630, 0, 7, 375, 0, 0, 0
Mon Aug  9 21:11:32 2021, 0, 2250, 0, 6, 3630, 0, 7, 375, 0, 0, 0
Mon Aug  9 21:12:33 2021, 0, 2250, 0, 6, 3630, 0, 7, 375, 0, 0, 0
Mon Aug  9 21:13:33 2021, 0, 2250, 0, 6, 3630, 0, 7, 450, 0, 0, 0
Mon Aug  9 21:14:34 2021, 0, 2250, 0, 6, 3630, 0, 7, 450, 0, 0, 0
Mon Aug  9 21:15:34 2021, 0, 2250, 0, 6, 3630, 0, 7, 450, 0, 0, 0
Mon Aug  9 21:16:35 2021, 0, 2250, 0, 6, 3630, 0, 7, 450, 0, 0, 0
Mon Aug  9 21:17:35 2021, 0, 2250, 0, 6, 3630, 0, 7, 450, 0, 0, 0
Mon Aug  9 21:18:36 2021, 0, 2250, 0, 6, 3630, 0, 7, 450, 0, 0, 0
Mon Aug  9 21:19:36 2021, 0, 2250, 0, 6, 3630, 0, 7, 450, 0, 0, 0
Mon Aug  9 21:20:37 2021, 0, 2250, 0, 6, 3630, 0, 7, 450, 0, 0, 0
Mon Aug  9 21:21:37 2021, 0, 2250, 0, 6, 3630, 0, 7, 450, 0, 0, 0
Mon Aug  9 21:22:38 2021, 0, 2250, 0, 6, 3630, 0, 7, 450, 0, 0, 0
Mon Aug  9 21:23:38 2021, 0, 2250, 0, 6, 3630, 0, 7, 450, 0, 0, 0
Mon Aug  9 21:24:39 2021, 0, 2250, 0, 6, 3630, 0, 7, 450, 0, 0, 0
Mon Aug  9 21:25:39 2021, 0, 2250, 0, 6, 3630, 0, 7, 450, 0, 0, 0
Mon Aug  9 21:26:40 2021, 0, 2250, 0, 6, 3630, 0, 7, 450, 0, 0, 0
Mon Aug  9 21:27:40 2021, 0, 2250, 0, 6, 3630, 0, 7, 450, 0, 0, 0
Mon Aug  9 21:28:41 2021, 0, 2250, 0, 6, 3630, 0, 7, 450, 0, 0, 0
Mon Aug  9 21:29:41 2021, 0, 2250, 0, 6, 3630, 0, 7, 450, 0, 0, 0
Mon Aug  9 21:30:42 2021, 0, 2250, 0, 6, 3630, 0, 7, 450, 0, 0, 0
Mon Aug  9 21:31:42 2021, 0, 2250, 0, 6, 3630, 0, 7, 450, 0, 0, 0
Mon Aug  9 21:32:43 2021, 0, 2250, 0, 6, 3630, 0, 7, 450, 0, 0, 0
Mon Aug  9 21:33:43 2021, 0, 2250, 0, 6, 3630, 0, 7, 450, 0, 0, 0
Mon Aug  9 21:34:44 2021, 0, 2250, 0, 6, 3630, 0, 7, 450, 0, 0, 0
Mon Aug  9 21:35:44 2021, 0, 2250, 0, 6, 3630, 0, 7, 450, 0, 0, 0
Mon Aug  9 21:36:45 2021, 0, 2250, 0, 6, 3630, 0, 7, 450, 0, 0, 0
Mon Aug  9 21:37:45 2021, 0, 2250, 0, 6, 3630, 0, 7, 450, 0, 0, 0
Mon Aug  9 21:38:46 2021, 0, 2250, 0, 6, 3630, 0, 7, 450, 0, 0, 0
Mon Aug  9 21:39:46 2021, 0, 2250, 0, 6, 3630, 0, 7, 450, 0, 0, 0
Mon Aug  9 21:40:47 2021, 0, 2250, 0, 6, 3630, 0, 7, 450, 0, 0, 0
Mon Aug  9 21:41:48 2021, 0, 2250, 0, 6, 3630, 0, 7, 450, 0, 0, 0
Mon Aug  9 21:42:48 2021, 0, 2250, 0, 6, 3630, 0, 7, 450, 0, 0, 0
Mon Aug  9 21:43:49 2021, 0, 2250, 0, 6, 3630, 0, 7, 450, 0, 0, 0
Mon Aug  9 21:44:49 2021, 0, 2250, 0, 6, 3630, 0, 7, 450, 0, 0, 0
Mon Aug  9 21:45:50 2021, 0, 2250, 0, 6, 3630, 0, 7, 450, 0, 0, 0
Mon Aug  9 21:46:50 2021, 0, 2250, 0, 6, 3630, 0, 7, 450, 0, 0, 0
Mon Aug  9 21:47:51 2021, 0, 2250, 0, 6, 3630, 0, 7, 450, 0, 0, 0
Mon Aug  9 21:48:51 2021, 0, 2250, 0, 6, 3630, 0, 7, 450, 0, 0, 0
Mon Aug  9 21:49:52 2021, 0, 2250, 0, 6, 3630, 0, 7, 450, 0, 0, 0
Mon Aug  9 21:50:52 2021, 0, 2250, 0, 6, 3630, 0, 7, 450, 0, 0, 0
Mon Aug  9 21:51:53 2021, 0, 2250, 0, 6, 3630, 0, 7, 450, 0, 0, 0
Mon Aug  9 21:52:53 2021, 0, 2250, 0, 6, 3630, 0, 7, 450, 0, 0, 0
Mon Aug  9 21:53:54 2021, 0, 2250, 0, 6, 3630, 0, 7, 450, 0, 0, 0
Mon Aug  9 21:54:54 2021, 0, 2250, 0, 6, 3630, 0, 7, 450, 0, 0, 0
Mon Aug  9 21:55:55 2021, 0, 2250, 0, 6, 3630, 0, 7, 450, 0, 0, 0
Mon Aug  9 21:56:55 2021, 0, 2250, 0, 6, 3630, 0, 7, 450, 0, 0, 0
Mon Aug  9 21:57:56 2021, 0, 2250, 0, 6, 3630, 0, 7, 450, 0, 0, 0
Mon Aug  9 21:58:56 2021, 0, 2250, 0, 6, 3630, 0, 7, 450, 0, 0, 0
Mon Aug  9 21:59:57 2021, 0, 2250, 0, 6, 3630, 0, 7, 450, 0, 0, 0
Mon Aug  9 22:00:57 2021, 0, 2250, 0, 6, 3630, 0, 7, 450, 0, 0, 0
Mon Aug  9 22:01:58 2021, 0, 2250, 0, 6, 3630, 0, 7, 450, 0, 0, 0
Mon Aug  9 22:02:58 2021, 0, 2250, 0, 6, 3630, 0, 7, 450, 0, 0, 0
Mon Aug  9 22:03:59 2021, 0, 2250, 0, 6, 3630, 0, 7, 450, 0, 0, 0
Mon Aug  9 22:04:59 2021, 0, 2250, 0, 6, 3630, 0, 7, 450, 0, 0, 0
Mon Aug  9 22:06:00 2021, 0, 2250, 0, 6, 3630, 0, 7, 450, 0, 0, 0
Mon Aug  9 22:07:00 2021, 0, 2250, 0, 6, 3630, 0, 7, 450, 0, 0, 0
Mon Aug  9 22:08:01 2021, 0, 2250, 0, 6, 3630, 0, 7, 450, 0, 0, 0
Mon Aug  9 22:09:01 2021, 0, 2250, 0, 6, 3630, 0, 7, 450, 0, 0, 0
Mon Aug  9 22:10:02 2021, 0, 2250, 0, 6, 3630, 0, 7, 450, 0, 0, 0
Mon Aug  9 22:11:02 2021, 0, 2250, 0, 6, 3630, 0, 7, 450, 0, 0, 0
Mon Aug  9 22:12:03 2021, 0, 2250, 0, 6, 3630, 0, 7, 450, 0, 0, 0
Mon Aug  9 22:13:03 2021, 0, 2250, 0, 6, 3630, 0, 7, 450, 0, 0, 0
Mon Aug  9 22:14:04 2021, 0, 2250, 0, 6, 3630, 0, 7, 525, 0, 0, 0
Mon Aug  9 22:15:04 2021, 0, 2250, 0, 6, 3630, 0, 7, 525, 0, 0, 0
Mon Aug  9 22:16:05 2021, 0, 2250, 0, 6, 3630, 0, 7, 525, 0, 0, 0
Mon Aug  9 22:17:05 2021, 0, 2250, 0, 6, 3630, 0, 7, 525, 0, 0, 0
Mon Aug  9 22:18:06 2021, 0, 2250, 0, 6, 3630, 0, 7, 525, 0, 0, 0
Mon Aug  9 22:19:06 2021, 0, 2250, 0, 6, 3630, 0, 7, 525, 0, 0, 0
Mon Aug  9 22:20:07 2021, 0, 2250, 0, 6, 3630, 0, 7, 525, 0, 0, 0
Mon Aug  9 22:21:07 2021, 0, 2250, 0, 6, 3630, 0, 7, 525, 0, 0, 0
Mon Aug  9 22:22:08 2021, 0, 2250, 0, 6, 3630, 0, 7, 525, 0, 0, 0
Mon Aug  9 22:23:08 2021, 0, 2250, 0, 6, 3630, 0, 7, 525, 0, 0, 0
Mon Aug  9 22:24:09 2021, 0, 2250, 0, 6, 3630, 0, 7, 525, 0, 0, 0
Mon Aug  9 22:25:09 2021, 0, 2250, 0, 6, 3630, 0, 7, 525, 0, 0, 0
Mon Aug  9 22:26:10 2021, 0, 2250, 0, 6, 3630, 0, 7, 525, 0, 0, 0
Mon Aug  9 22:27:10 2021, 0, 2250, 0, 6, 3630, 0, 7, 525, 0, 0, 0
Mon Aug  9 22:28:11 2021, 0, 2250, 0, 6, 3630, 0, 7, 525, 0, 0, 0
Mon Aug  9 22:29:11 2021, 0, 2250, 0, 6, 3630, 0, 7, 525, 0, 0, 0
Mon Aug  9 22:30:12 2021, 0, 2250, 0, 6, 3630, 0, 7, 525, 0, 0, 0
Mon Aug  9 22:31:12 2021, 0, 2250, 0, 6, 3630, 0, 7, 525, 0, 0, 0
Mon Aug  9 22:32:13 2021, 0, 2250, 0, 6, 3630, 0, 7, 525, 0, 0, 0
Mon Aug  9 22:33:13 2021, 0, 2250, 0, 6, 3630, 0, 7, 525, 0, 10.3226, 0
Mon Aug  9 22:34:14 2021, 0, 2250, 0, 6, 3630, 0, 7, 525, 0, 0, 0
Mon Aug  9 22:35:14 2021, 0, 2250, 0, 6, 3630, 0, 7, 525, 0, 0, 0
Mon Aug  9 22:36:15 2021, 0, 2250, 0, 6, 3630, 0, 7, 525, 0, 0, 0
Mon Aug  9 22:37:15 2021, 0, 2250, 0, 6, 3630, 0, 7, 525, 0, 0, 0
Mon Aug  9 22:38:16 2021, 0, 2250, 0, 6, 3630, 0, 7, 525, 0, 0, 0
Mon Aug  9 22:39:16 2021, 0, 2250, 0, 6, 3630, 0, 7, 525, 0, 0, 0
Mon Aug  9 22:40:17 2021, 0, 2250, 0, 6, 3630, 0, 7, 525, 0, 0, 0
Mon Aug  9 22:41:17 2021, 0, 2250, 0, 6, 3630, 0, 7, 525, 0, 0, 0
Mon Aug  9 22:42:18 2021, 0, 2250, 0, 6, 3630, 0, 7, 525, 0, 0, 0
Mon Aug  9 22:43:18 2021, 0, 2250, 0, 6, 3630, 0, 7, 525, 0, 0, 0
Mon Aug  9 22:44:19 2021, 0, 2250, 0, 6, 3630, 0, 7, 525, 0, 0, 0
Mon Aug  9 22:45:19 2021, 0, 2250, 0, 6, 3630, 0, 7, 525, 0, 0, 0
Mon Aug  9 22:46:20 2021, 0, 2250, 0, 6, 3630, 0, 7, 525, 0, 0, 0
Mon Aug  9 22:47:20 2021, 0, 2250, 0, 6, 3630, 0, 7, 525, 0, 0, 0
Mon Aug  9 22:48:21 2021, 0, 2250, 0, 6, 3630, 0, 7, 525, 0, 0, 0
Mon Aug  9 22:49:21 2021, 0, 2250, 0, 6, 3630, 0, 7, 525, 0, 0, 0
Mon Aug  9 22:50:22 2021, 0, 2250, 0, 6, 3630, 0, 7, 525, 0, 0, 0
Mon Aug  9 22:51:22 2021, 0, 2250, 0, 6, 3630, 0, 7, 525, 0, 0, 0
Mon Aug  9 22:52:23 2021, 0, 2250, 0, 6, 3630, 0, 7, 525, 0, 0, 0
Mon Aug  9 22:53:23 2021, 0, 2250, 0, 6, 3630, 0, 7, 525, 0, 0, 0
Mon Aug  9 22:54:24 2021, 0, 2250, 0, 6, 3630, 0, 7, 525, 0, 0, 0
Mon Aug  9 22:55:24 2021, 0, 2250, 0, 6, 3630, 0, 7, 525, 0, 0, 0
Mon Aug  9 22:56:25 2021, 0, 2250, 0, 6, 3630, 0, 7, 525, 0, 0, 0
Mon Aug  9 22:57:25 2021, 0, 2250, 0, 6, 3630, 0, 7, 525, 0, 0, 0
Mon Aug  9 22:58:26 2021, 0, 2250, 0, 6, 3630, 0, 7, 525, 0, 0, 0
Mon Aug  9 22:59:26 2021, 0, 2250, 0, 6, 3630, 0, 7, 525, 0, 0, 0
Mon Aug  9 23:00:27 2021, 0, 2250, 0, 6, 3630, 0, 7, 525, 0, 0, 0
Mon Aug  9 23:01:27 2021, 0, 2250, 0, 6, 3630, 0, 7, 525, 0, 0, 0
Mon Aug  9 23:02:28 2021, 0, 2250, 0, 6, 3630, 0, 7, 525, 0, 0, 0
Mon Aug  9 23:03:29 2021, 0, 2250, 0, 6, 3630, 0, 7, 525, 0, 0, 0
Mon Aug  9 23:04:29 2021, 0, 2250, 0, 6, 3630, 0, 7, 525, 0, 0, 0
Mon Aug  9 23:05:30 2021, 0, 2250, 0, 6, 3630, 0, 7, 525, 0, 0, 0
Mon Aug  9 23:06:30 2021, 0, 2250, 0, 6, 3630, 0, 7, 525, 0, 0, 0
Mon Aug  9 23:07:31 2021, 0, 2250, 0, 6, 3630, 0, 7, 525, 0, 0, 0
Mon Aug  9 23:08:31 2021, 0, 2250, 0, 6, 3630, 0, 7, 525, 0, 0, 0
Mon Aug  9 23:09:32 2021, 0, 2250, 0, 6, 3630, 0, 7, 525, 0, 0, 0
Mon Aug  9 23:10:32 2021, 0, 2250, 0, 6, 3630, 0, 7, 525, 0, 0, 0
Mon Aug  9 23:11:33 2021, 0, 2250, 0, 6, 3630, 0, 7, 525, 0, 0, 0
Mon Aug  9 23:12:33 2021, 0, 2250, 0, 6, 3630, 0, 7, 525, 0, 0, 0
Mon Aug  9 23:13:34 2021, 0, 2250, 0, 6, 3630, 0, 7, 525, 0, 0, 0
Mon Aug  9 23:14:34 2021, 0, 2250, 0, 6, 3630, 0, 7, 525, 0, 0, 0
Mon Aug  9 23:15:35 2021, 0, 2250, 0, 6, 3630, 0, 7, 525, 0, 0, 0
Mon Aug  9 23:16:35 2021, 0, 2250, 0, 6, 3630, 0, 7, 525, 0, 0, 0
Mon Aug  9 23:17:36 2021, 0, 2250, 0, 6, 3630, 0, 7, 525, 0, 0, 0
Mon Aug  9 23:18:36 2021, 0, 2250, 0, 6, 3630, 0, 7, 525, 0, 0, 0
Mon Aug  9 23:19:37 2021, 0, 2250, 0, 6, 3630, 0, 7, 525, 0, 0, 0
Mon Aug  9 23:20:37 2021, 0, 2250, 0, 6, 3630, 0, 7, 525, 0, 0, 0
Mon Aug  9 23:21:38 2021, 0, 2250, 0, 6, 3630, 0, 7, 525, 0, 0, 0
Mon Aug  9 23:22:38 2021, 0, 2250, 0, 6, 3630, 0, 7, 525, 0, 0, 0
Mon Aug  9 23:23:39 2021, 0, 2250, 0, 6, 3630, 0, 7, 525, 0, 0, 0
Mon Aug  9 23:24:39 2021, 0, 2250, 0, 6, 3630, 0, 7, 525, 0, 0, 0
Mon Aug  9 23:25:40 2021, 0, 2250, 0, 6, 3630, 0, 7, 525, 0, 0, 0
Mon Aug  9 23:26:40 2021, 0, 2250, 0, 6, 3630, 0, 7, 525, 0, 0, 0
Mon Aug  9 23:27:41 2021, 0, 2250, 0, 6, 3630, 0, 7, 525, 0, 0, 0
Mon Aug  9 23:28:41 2021, 0, 2250, 0, 6, 3630, 0, 7, 525, 0, 0, 0
Mon Aug  9 23:29:42 2021, 0, 2250, 0, 6, 3630, 0, 7, 525, 0, 0, 0
Mon Aug  9 23:30:42 2021, 0, 2250, 0, 6, 3630, 0, 7, 525, 0, 0, 0
Mon Aug  9 23:31:43 2021, 0, 2250, 0, 6, 3630, 0, 7, 525, 0, 0, 0
Mon Aug  9 23:32:43 2021, 0, 2250, 0, 6, 3630, 0, 7, 525, 0, 0, 0
Mon Aug  9 23:33:44 2021, 0, 2250, 0, 6, 3630, 0, 7, 525, 0, 0, 0
Mon Aug  9 23:34:44 2021, 0, 2250, 0, 6, 3630, 0, 7, 525, 0, 0, 0
Mon Aug  9 23:35:45 2021, 0, 2250, 0, 6, 3630, 0, 7, 525, 0, 0, 0
Mon Aug  9 23:36:45 2021, 0, 2250, 0, 6, 3630, 0, 7, 600, 0, 0, 0
Mon Aug  9 23:37:46 2021, 0, 2250, 0, 6, 3630, 0, 7, 600, 0, 0, 0
Mon Aug  9 23:38:46 2021, 0, 2250, 0, 6, 3630, 0, 7, 600, 0, 0, 0
Mon Aug  9 23:39:47 2021, 0, 2250, 0, 6, 3630, 0, 7, 600, 0, 0, 0
Mon Aug  9 23:40:47 2021, 0, 2250, 0, 6, 3630, 0, 7, 600, 0, 0, 0
Mon Aug  9 23:41:48 2021, 0, 2250, 0, 6, 3630, 0, 7, 600, 0, 0, 0
Mon Aug  9 23:42:48 2021, 0, 2250, 0, 6, 3630, 0, 7, 600, 0, 0, 0
Mon Aug  9 23:43:49 2021, 0, 2250, 0, 6, 3630, 0, 7, 600, 0, 0, 0
Mon Aug  9 23:44:49 2021, 0, 2250, 0, 6, 3630, 0, 7, 600, 0, 0, 0
Mon Aug  9 23:45:50 2021, 0, 2250, 0, 6, 3630, 0, 7, 600, 0, 0, 0
Mon Aug  9 23:46:50 2021, 0, 2250, 0, 6, 3630, 0, 7, 600, 0, 0, 0
Mon Aug  9 23:47:51 2021, 0, 2250, 0, 6, 3630, 0, 7, 600, 0, 0, 0
Mon Aug  9 23:48:51 2021, 0, 2250, 0, 6, 3630, 0, 7, 600, 0, 0, 0
Mon Aug  9 23:49:52 2021, 0, 2250, 0, 6, 3630, 0, 7, 600, 0, 0, 0
Mon Aug  9 23:50:52 2021, 0, 2250, 0, 6, 3630, 0, 7, 600, 0, 0, 0
Mon Aug  9 23:51:53 2021, 0, 2250, 0, 6, 3630, 0, 7, 600, 0, 0, 0
Mon Aug  9 23:52:53 2021, 0, 2250, 0, 6, 3630, 0, 7, 600, 0, 0, 0
Mon Aug  9 23:53:54 2021, 0, 2250, 0, 6, 3630, 0, 7, 600, 0, 0, 0
Mon Aug  9 23:54:54 2021, 0, 2250, 0, 6, 3630, 0, 7, 600, 0, 0, 0
Mon Aug  9 23:55:55 2021, 0, 2250, 0, 6, 3630, 0, 7, 600, 0, 0, 0
Mon Aug  9 23:56:55 2021, 0, 2250, 0, 6, 3630, 0, 7, 600, 0, 0, 0
Mon Aug  9 23:57:56 2021, 0, 2250, 0, 6, 3630, 0, 7, 600, 0, 0, 0
Mon Aug  9 23:58:56 2021, 0, 2250, 0, 6, 3630, 0, 7, 600, 0, 0, 0
Mon Aug  9 23:59:57 2021, 0, 2250, 0, 6, 3630, 0, 7, 600, 0, 0, 0
Tue Aug 10 00:00:57 2021, 0, 2250, 0, 6, 3630, 0, 7, 600, 0, 0, 0
Tue Aug 10 00:01:58 2021, 0, 2250, 0, 6, 3630, 0, 7, 600, 0, 0, 0
Tue Aug 10 00:02:58 2021, 0, 2250, 0, 6, 3630, 0, 7, 600, 0, 0, 0
Tue Aug 10 00:03:59 2021, 0, 2250, 0, 6, 3630, 0, 7, 600, 0, 0, 0
Tue Aug 10 00:04:59 2021, 0, 2250, 0, 6, 3630, 0, 7, 600, 0, 0, 0
Tue Aug 10 00:06:00 2021, 0, 2250, 0, 6, 3630, 0, 7, 600, 0, 0, 0
Tue Aug 10 00:07:00 2021, 0, 2250, 0, 6, 3630, 0, 7, 600, 0, 0, 0
Tue Aug 10 00:08:01 2021, 0, 2250, 0, 6, 3630, 0, 7, 600, 0, 0, 0
Tue Aug 10 00:09:01 2021, 0, 2250, 0, 6, 3630, 0, 7, 600, 0, 0, 0
Tue Aug 10 00:10:02 2021, 0, 2250, 0, 6, 3630, 0, 7, 600, 0, 0, 0
Tue Aug 10 00:11:02 2021, 0, 2250, 0, 6, 3630, 0, 7, 600, 0, 0, 0
Tue Aug 10 00:12:03 2021, 0, 2250, 0, 6, 3630, 0, 7, 600, 0, 0, 0
Tue Aug 10 00:13:03 2021, 0, 2250, 0, 6, 3630, 0, 7, 600, 0, 0, 0
Tue Aug 10 00:14:04 2021, 0, 2250, 0, 6, 3630, 0, 7, 600, 0, 0, 0
Tue Aug 10 00:15:04 2021, 0, 2250, 0, 6, 3630, 0, 7, 600, 0, 0, 0
Tue Aug 10 00:16:05 2021, 0, 2250, 0, 6, 3630, 0, 7, 600, 0, 0, 0
Tue Aug 10 00:17:05 2021, 0, 2250, 0, 6, 3630, 0, 7, 600, 0, 0, 0
Tue Aug 10 00:18:06 2021, 0, 2250, 0, 6, 3630, 0, 7, 600, 0, 0, 0
Tue Aug 10 00:19:06 2021, 0, 2250, 0, 6, 3630, 0, 7, 600, 0, 0, 0
Tue Aug 10 00:19:21 2021, 0, 2250, 0, 6, 3630, 0, 7, 600, 0, 0, 0
Tue Aug 10 00:20:07 2021, 0, 2250, 0, 6, 3630, 0, 7, 600, 0, 0, 0
Tue Aug 10 00:21:08 2021, 0, 2250, 0, 6, 3630, 0, 7, 600, 0, 0, 0
Tue Aug 10 00:22:08 2021, 0, 2250, 0, 6, 3630, 0, 7, 600, 0, 0, 0
Tue Aug 10 00:23:09 2021, 0, 2250, 0, 6, 3630, 0, 7, 600, 0, 0, 0
Tue Aug 10 00:24:09 2021, 0, 2250, 0, 6, 3630, 0, 7, 600, 0, 0, 0
Tue Aug 10 00:25:10 2021, 0, 2250, 0, 6, 3630, 0, 7, 600, 0, 0, 0
Tue Aug 10 00:26:10 2021, 0, 2250, 0, 6, 3630, 0, 7, 600, 0, 0, 0
Tue Aug 10 00:27:11 2021, 0, 2250, 0, 6, 3630, 0, 7, 600, 0, 0, 0
Tue Aug 10 00:28:11 2021, 0, 2250, 0, 6, 3630, 0, 7, 600, 0, 0, 0
Tue Aug 10 00:29:12 2021, 0, 2250, 0, 6, 3630, 0, 7, 600, 0, 0, 0
Tue Aug 10 00:30:12 2021, 0, 2250, 0, 6, 3630, 0, 7, 600, 0, 0, 0
Tue Aug 10 00:31:13 2021, 0, 2250, 0, 6, 3630, 0, 7, 600, 0, 0, 0
Tue Aug 10 00:32:13 2021, 0, 2250, 0, 6, 3630, 0, 7, 600, 0, 0, 0
Tue Aug 10 00:33:14 2021, 0, 2250, 0, 6, 3630, 0, 7, 600, 0, 0, 0
Tue Aug 10 00:34:14 2021, 0, 2250, 0, 6, 3630, 0, 7, 600, 0, 0, 0
Tue Aug 10 00:35:15 2021, 0, 2250, 0, 6, 3630, 0, 7, 600, 0, 0, 0
Tue Aug 10 00:36:15 2021, 0, 2250, 0, 6, 3630, 0, 7, 600, 0, 0, 0
Tue Aug 10 00:37:16 2021, 0, 2250, 0, 6, 3630, 0, 7, 600, 0, 0, 0
Tue Aug 10 00:38:16 2021, 0, 2250, 0, 6, 3630, 0, 7, 600, 0, 0, 0
Tue Aug 10 00:39:17 2021, 0, 2250, 0, 6, 3630, 0, 7, 600, 0, 0, 0
Tue Aug 10 00:40:17 2021, 0, 2250, 0, 6, 3630, 0, 7, 600, 0, 0, 0
Tue Aug 10 00:41:18 2021, 0, 2250, 0, 6, 3630, 0, 7, 600, 0, 0, 0
Tue Aug 10 00:42:18 2021, 0, 2250, 0, 6, 3630, 0, 7, 600, 0, 0, 0
Tue Aug 10 00:43:19 2021, 0, 2250, 0, 6, 3630, 0, 7, 600, 0, 0, 0
Tue Aug 10 00:44:19 2021, 0, 2250, 0, 6, 3630, 0, 7, 600, 0, 0, 0
Tue Aug 10 00:45:20 2021, 0, 2250, 0, 6, 3630, 0, 7, 600, 0, 0, 0
Tue Aug 10 00:46:20 2021, 0, 2250, 0, 6, 3630, 0, 7, 600, 0, 0, 0
Tue Aug 10 00:47:21 2021, 0, 2250, 0, 6, 3630, 0, 7, 600, 0, 0, 0
Tue Aug 10 00:48:21 2021, 0, 2250, 0, 6, 3630, 0, 7, 600, 0, 0, 0
Tue Aug 10 00:49:22 2021, 0, 2250, 0, 6, 3630, 0, 7, 600, 0, 0, 0
Tue Aug 10 00:50:22 2021, 0, 2250, 0, 6, 3630, 0, 7, 600, 0, 0, 0
Tue Aug 10 00:51:23 2021, 0, 2250, 0, 6, 3630, 0, 7, 600, 0, 0, 0
Tue Aug 10 00:52:23 2021, 0, 2250, 0, 6, 3630, 0, 7, 600, 0, 0, 0
Tue Aug 10 00:53:24 2021, 0, 2250, 0, 6, 3630, 0, 7, 600, 0, 0, 0
Tue Aug 10 00:54:24 2021, 0, 2250, 0, 6, 3630, 0, 7, 600, 0, 0, 0
Tue Aug 10 00:55:25 2021, 0, 2250, 0, 6, 3630, 0, 7, 600, 0, 0, 0
Tue Aug 10 00:56:25 2021, 0, 2250, 0, 6, 3630, 0, 7, 600, 0, 0, 0
Tue Aug 10 00:57:26 2021, 0, 2250, 0, 6, 3630, 0, 7, 600, 0, 0, 0
Tue Aug 10 00:58:26 2021, 0, 2250, 0, 6, 3630, 0, 7, 600, 0, 0, 0
Tue Aug 10 00:59:27 2021, 0, 2250, 0, 6, 3630, 0, 7, 600, 0, 0, 0
Tue Aug 10 01:00:27 2021, 0, 2250, 0, 6, 3630, 0, 7, 600, 0, 0, 0
Tue Aug 10 01:01:28 2021, 0, 2250, 0, 6, 3630, 0, 7, 600, 0, 0, 0
Tue Aug 10 01:02:28 2021, 0, 2250, 0, 6, 3630, 0, 7, 600, 0, 0, 0
Tue Aug 10 01:03:29 2021, 0, 2250, 0, 6, 3630, 0, 7, 600, 0, 0, 0
Tue Aug 10 01:04:29 2021, 0, 2250, 0, 6, 3630, 0, 7, 600, 0, 0, 0
Tue Aug 10 01:05:30 2021, 0, 2250, 0, 6, 3630, 0, 7, 600, 0, 0, 0
Tue Aug 10 01:06:30 2021, 0, 2250, 0, 6, 3630, 0, 7, 600, 0, 0, 0
Tue Aug 10 01:07:31 2021, 0, 2250, 0, 6, 3630, 0, 7, 600, 0, 0, 0
Tue Aug 10 01:08:31 2021, 0, 2250, 0, 6, 3630, 0, 7, 600, 0, 0, 0
Tue Aug 10 01:09:32 2021, 0, 2250, 0, 6, 3630, 0, 7, 600, 0, 0, 0
Tue Aug 10 01:10:33 2021, 0, 2250, 0, 6, 3630, 0, 7, 600, 0, 0, 0
Tue Aug 10 01:11:33 2021, 0, 2250, 0, 6, 3630, 0, 7, 600, 0, 0, 0
Tue Aug 10 01:12:34 2021, 0, 2250, 0, 6, 3630, 0, 7, 600, 0, 0, 0
Tue Aug 10 01:13:34 2021, 0, 2250, 0, 6, 3630, 0, 7, 600, 0, 0, 0
Tue Aug 10 01:14:35 2021, 0, 2250, 0, 6, 3630, 0, 7, 600, 0, 0, 0
Tue Aug 10 01:15:35 2021, 0, 2250, 0, 6, 3630, 0, 7, 600, 0, 0, 0
Tue Aug 10 01:16:36 2021, 0, 2250, 0, 6, 3630, 0, 7, 600, 0, 0, 0
Tue Aug 10 01:17:36 2021, 0, 2250, 0, 6, 3630, 0, 7, 600, 0, 0, 0
Tue Aug 10 01:18:37 2021, 0, 2250, 0, 6, 3630, 0, 7, 600, 0, 0, 0
Tue Aug 10 01:19:37 2021, 0, 2250, 0, 6, 3630, 0, 7, 600, 0, 0, 0
Tue Aug 10 01:20:38 2021, 0, 2250, 0, 6, 3630, 0, 7, 600, 0, 0, 0
Tue Aug 10 01:21:38 2021, 0, 2250, 0, 6, 3630, 0, 7, 600, 0, 0, 0
Tue Aug 10 01:22:39 2021, 0, 2250, 0, 6, 3630, 0, 7, 600, 0, 0, 0
Tue Aug 10 01:23:39 2021, 0, 2250, 0, 6, 3630, 0, 7, 600, 0, 0, 0
Tue Aug 10 01:24:40 2021, 0, 2250, 0, 6, 3630, 0, 7, 600, 0, 0, 0
Tue Aug 10 01:25:40 2021, 0, 2250, 0, 6, 3630, 0, 7, 600, 0, 0, 0
Tue Aug 10 01:26:41 2021, 0, 2250, 0, 6, 3630, 0, 7, 600, 0, 0, 0
Tue Aug 10 01:27:41 2021, 0, 2250, 0, 6, 3630, 0, 7, 600, 0, 0, 0
Tue Aug 10 01:28:42 2021, 0, 2250, 0, 6, 3630, 0, 7, 600, 0, 0, 0
Tue Aug 10 01:29:42 2021, 0, 2250, 0, 6, 3630, 0, 7, 600, 0, 0, 0
Tue Aug 10 01:30:43 2021, 0, 2250, 0, 6, 3630, 0, 7, 600, 0, 0, 0
Tue Aug 10 01:31:43 2021, 0, 2250, 0, 6, 3630, 0, 7, 600, 0, 0, 0
Tue Aug 10 01:32:44 2021, 0, 2250, 0, 6, 3630, 0, 7, 600, 0, 0, 0
Tue Aug 10 01:33:44 2021, 0, 2250, 0, 6, 3630, 0, 7, 600, 0, 0, 0
Tue Aug 10 01:34:45 2021, 0, 2250, 0, 6, 3630, 0, 7, 600, 0, 0, 0
Tue Aug 10 01:35:45 2021, 0, 2250, 0, 6, 3630, 0, 7, 600, 0, 0, 0
Tue Aug 10 01:36:46 2021, 0, 2250, 0, 6, 3630, 0, 7, 600, 0, 0, 0
Tue Aug 10 01:37:46 2021, 0, 2250, 0, 6, 3630, 0, 7, 600, 0, 0, 0
Tue Aug 10 01:38:47 2021, 0, 2250, 0, 6, 3630, 0, 7, 600, 0, 0, 0
Tue Aug 10 01:39:47 2021, 0, 2250, 0, 6, 3630, 0, 7, 600, 0, 0, 0
Tue Aug 10 01:40:48 2021, 0, 2250, 0, 6, 3630, 0, 7, 600, 0, 0, 0
Tue Aug 10 01:41:48 2021, 0, 2250, 0, 6, 3630, 0, 7, 600, 0, 0, 0
Tue Aug 10 01:42:49 2021, 0, 2250, 0, 6, 3630, 0, 7, 600, 0, 0, 0
Tue Aug 10 01:43:49 2021, 0, 2250, 0, 6, 3630, 0, 7, 600, 0, 0, 0
Tue Aug 10 01:44:50 2021, 0, 2250, 0, 6, 3630, 0, 7, 600, 0, 0, 0
Tue Aug 10 01:45:50 2021, 0, 2250, 0, 6, 3630, 0, 7, 600, 0, 0, 0
Tue Aug 10 01:46:51 2021, 0, 2250, 0, 6, 3630, 0, 7, 600, 0, 0, 0
Tue Aug 10 01:47:51 2021, 0, 2250, 0, 6, 3630, 0, 7, 600, 0, 0, 0
Tue Aug 10 01:48:52 2021, 0, 2250, 0, 6, 3630, 0, 7, 600, 0, 0, 0
Tue Aug 10 01:49:52 2021, 0, 2250, 0, 6, 3630, 0, 7, 600, 0, 0, 0
Tue Aug 10 01:50:53 2021, 0, 2250, 0, 6, 3630, 0, 7, 600, 0, 0, 0
Tue Aug 10 01:51:53 2021, 0, 2250, 0, 6, 3630, 0, 7, 600, 0, 0, 0
Tue Aug 10 01:52:54 2021, 0, 2250, 0, 6, 3630, 0, 7, 600, 0, 0, 0
Tue Aug 10 01:53:54 2021, 0, 2250, 0, 6, 3630, 0, 7, 600, 0, 0, 0
Tue Aug 10 01:54:55 2021, 0, 2250, 0, 6, 3630, 0, 7, 600, 0, 0, 0
Tue Aug 10 01:55:55 2021, 0, 2250, 0, 6, 3630, 0, 7, 600, 0, 0, 0
Tue Aug 10 01:56:56 2021, 0, 2250, 0, 6, 3630, 0, 7, 600, 0, 0, 0
Tue Aug 10 01:57:56 2021, 0, 2250, 0, 6, 3630, 0, 7, 600, 0, 0, 0
Tue Aug 10 01:58:57 2021, 0, 2250, 0, 6, 3630, 0, 7, 600, 0, 0, 0
Tue Aug 10 01:59:57 2021, 0, 2250, 0, 6, 3630, 0, 7, 600, 0, 0, 0
Tue Aug 10 02:00:58 2021, 0, 2250, 0, 6, 3630, 0, 7, 600, 0, 0, 0
Tue Aug 10 02:01:58 2021, 0, 2250, 0, 6, 3630, 0, 7, 600, 0, 0, 0
Tue Aug 10 02:02:59 2021, 0, 2250, 0, 6, 3630, 0, 7, 600, 0, 0, 0
Tue Aug 10 02:03:59 2021, 0, 2250, 0, 6, 3630, 0, 7, 600, 0, 0, 0
Tue Aug 10 02:05:00 2021, 0, 2250, 0, 6, 3630, 0, 7, 600, 0, 0, 0
Tue Aug 10 02:06:00 2021, 0, 2250, 0, 6, 3630, 0, 7, 600, 0, 0, 0
Tue Aug 10 02:07:01 2021, 0, 2250, 0, 6, 3630, 0, 7, 600, 0, 0, 0
Tue Aug 10 02:08:01 2021, 0, 2250, 0, 6, 3630, 0, 7, 600, 0, 0, 0
Tue Aug 10 02:09:02 2021, 0, 2250, 0, 6, 3630, 0, 7, 600, 0, 0, 0
Tue Aug 10 02:10:02 2021, 0, 2250, 0, 6, 3630, 0, 7, 600, 0, 0, 0
Tue Aug 10 02:11:03 2021, 0, 2250, 0, 6, 3630, 0, 7, 600, 0, 0, 0
Tue Aug 10 02:12:03 2021, 0, 2250, 0, 6, 3630, 0, 7, 600, 0, 0, 0
Tue Aug 10 02:13:04 2021, 0, 2250, 0, 6, 3630, 0, 7, 600, 0, 0, 0
Tue Aug 10 02:14:04 2021, 0, 2250, 0, 6, 3630, 0, 7, 600, 0, 0, 0
Tue Aug 10 02:15:05 2021, 0, 2250, 0, 6, 3630, 0, 7, 600, 0, 0, 0
Tue Aug 10 02:16:05 2021, 0, 2250, 0, 6, 3630, 0, 7, 600, 0, 0, 0
Tue Aug 10 02:17:06 2021, 0, 2250, 0, 6, 3630, 0, 7, 600, 0, 0, 0
Tue Aug 10 02:18:06 2021, 0, 2250, 0, 6, 3630, 0, 7, 600, 0, 0, 0
Tue Aug 10 02:19:07 2021, 0, 2250, 0, 6, 3630, 0, 7, 600, 0, 0, 0
Tue Aug 10 02:20:07 2021, 0, 2250, 0, 6, 3630, 0, 7, 600, 0, 0, 0
Tue Aug 10 02:21:08 2021, 0, 2250, 0, 6, 3630, 0, 7, 600, 0, 0, 0
Tue Aug 10 02:22:08 2021, 0, 2250, 0, 6, 3630, 0, 7, 600, 0, 0, 0
Tue Aug 10 02:23:09 2021, 0, 2250, 0, 6, 3630, 0, 7, 600, 0, 0, 0
Tue Aug 10 02:24:09 2021, 0, 2250, 0, 6, 3630, 0, 7, 600, 0, 0, 0
Tue Aug 10 02:25:10 2021, 0, 2250, 0, 6, 3630, 0, 7, 600, 0, 0, 0
Tue Aug 10 02:26:11 2021, 0, 2250, 0, 6, 3630, 0, 7, 600, 0, 0, 0
Tue Aug 10 02:27:11 2021, 0, 2250, 0, 6, 3630, 0, 7, 600, 0, 0, 0
Tue Aug 10 02:28:12 2021, 0, 2250, 0, 6, 3630, 0, 7, 600, 0, 0, 0
Tue Aug 10 02:29:12 2021, 0, 2250, 0, 6, 3630, 0, 7, 600, 0, 0, 0
Tue Aug 10 02:30:13 2021, 0, 2250, 0, 6, 3630, 0, 7, 600, 0, 0, 0
Tue Aug 10 02:31:13 2021, 0, 2250, 0, 6, 3630, 0, 7, 600, 0, 0, 0
Tue Aug 10 02:32:14 2021, 0, 2250, 0, 6, 3630, 0, 7, 600, 0, 0, 0
Tue Aug 10 02:33:14 2021, 0, 2250, 0, 6, 3630, 0, 7, 600, 0, 0, 0
Tue Aug 10 02:34:15 2021, 0, 2250, 0, 6, 3630, 0, 7, 600, 0, 0, 0
Tue Aug 10 02:35:15 2021, 0, 2250, 0, 6, 3630, 0, 7, 600, 0, 0, 0
Tue Aug 10 02:36:16 2021, 0, 2250, 0, 6, 3630, 0, 7, 600, 0, 0, 0
Tue Aug 10 02:37:16 2021, 0, 2250, 0, 6, 3630, 0, 7, 600, 0, 0, 0
Tue Aug 10 02:38:17 2021, 0, 2250, 0, 6, 3630, 0, 7, 600, 0, 0, 0
Tue Aug 10 02:39:17 2021, 0, 2250, 0, 6, 3630, 0, 7, 600, 0, 0, 0
Tue Aug 10 02:40:18 2021, 0, 2250, 0, 6, 3630, 0, 7, 600, 0, 0, 0
Tue Aug 10 02:41:18 2021, 0, 2250, 0, 6, 3630, 0, 7, 600, 0, 0, 0
Tue Aug 10 02:42:19 2021, 0, 2250, 0, 6, 3630, 0, 7, 600, 0, 0, 0
Tue Aug 10 02:43:19 2021, 0, 2250, 0, 6, 3630, 0, 7, 600, 0, 0, 0
Tue Aug 10 02:44:20 2021, 0, 2250, 0, 6, 3630, 0, 7, 600, 0, 0, 0
Tue Aug 10 02:45:20 2021, 0, 2250, 0, 6, 3630, 0, 7, 600, 0, 0, 0
Tue Aug 10 02:46:21 2021, 0, 2250, 0, 6, 3630, 0, 7, 600, 0, 0, 0
Tue Aug 10 02:47:21 2021, 0, 2250, 0, 6, 3630, 0, 7, 600, 0, 0, 0
Tue Aug 10 02:48:22 2021, 0, 2250, 0, 6, 3630, 0, 7, 600, 0, 0, 0
Tue Aug 10 02:49:22 2021, 0, 2250, 0, 6, 3630, 0, 7, 600, 0, 0, 0
Tue Aug 10 02:50:23 2021, 0, 2250, 0, 6, 3630, 0, 7, 600, 0, 0, 0
Tue Aug 10 02:51:23 2021, 0, 2250, 0, 6, 3630, 0, 7, 600, 0, 0, 0
Tue Aug 10 02:52:24 2021, 0, 2250, 0, 6, 3630, 0, 7, 600, 0, 0, 0
Tue Aug 10 02:53:24 2021, 0, 2250, 0, 6, 3630, 0, 7, 600, 0, 0, 0
Tue Aug 10 02:54:25 2021, 0, 2250, 0, 6, 3630, 0, 7, 600, 0, 0, 0
Tue Aug 10 02:55:25 2021, 0, 2250, 0, 6, 3630, 0, 7, 600, 0, 0, 0
Tue Aug 10 02:56:26 2021, 0, 2250, 0, 6, 3630, 0, 7, 600, 0, 0, 0
Tue Aug 10 02:57:26 2021, 0, 2250, 0, 6, 3630, 0, 7, 600, 0, 0, 0
Tue Aug 10 02:58:27 2021, 0, 2250, 0, 6, 3630, 0, 7, 600, 0, 0, 0
Tue Aug 10 02:59:27 2021, 0, 2250, 0, 6, 3630, 0, 7, 600, 0, 0, 0
Tue Aug 10 03:00:28 2021, 0, 2250, 0, 6, 3630, 0, 7, 600, 0, 0, 0
Tue Aug 10 03:01:28 2021, 0, 2250, 0, 6, 3630, 0, 7, 600, 0, 0, 0
Tue Aug 10 03:02:29 2021, 0, 2250, 0, 6, 3630, 0, 7, 600, 0, 0, 0
Tue Aug 10 03:03:29 2021, 0, 2250, 0, 6, 3630, 0, 7, 600, 0, 0, 0
Tue Aug 10 03:04:30 2021, 0, 2250, 0, 6, 3630, 0, 7, 600, 0, 0, 0
Tue Aug 10 03:05:30 2021, 0, 2250, 0, 6, 3630, 0, 7, 600, 0, 0, 0
Tue Aug 10 03:06:31 2021, 0, 2250, 0, 6, 3630, 0, 7, 600, 0, 0, 0
Tue Aug 10 03:07:31 2021, 0, 2250, 0, 6, 3630, 0, 7, 600, 0, 0, 0
Tue Aug 10 03:08:32 2021, 0, 2250, 0, 6, 3630, 0, 7, 600, 0, 0, 0
Tue Aug 10 03:09:32 2021, 0, 2250, 0, 6, 3630, 0, 7, 600, 0, 0, 0
Tue Aug 10 03:10:33 2021, 0, 2250, 0, 6, 3630, 0, 7, 600, 0, 0, 0
Tue Aug 10 03:11:33 2021, 0, 2250, 0, 6, 3630, 0, 7, 600, 0, 0, 0
Tue Aug 10 03:12:34 2021, 0, 2250, 0, 6, 3630, 0, 7, 600, 0, 0, 0
Tue Aug 10 03:13:34 2021, 0, 2250, 0, 6, 3630, 0, 7, 600, 0, 0, 0
Tue Aug 10 03:14:35 2021, 0, 2250, 0, 6, 3630, 0, 7, 600, 0, 0, 0
Tue Aug 10 03:15:35 2021, 0, 2250, 0, 6, 3630, 0, 7, 600, 0, 0, 0
Tue Aug 10 03:16:36 2021, 0, 2250, 0, 6, 3630, 0, 7, 600, 0, 0, 0
Tue Aug 10 03:17:36 2021, 0, 2250, 0, 6, 3630, 0, 7, 600, 0, 0, 0
Tue Aug 10 03:18:37 2021, 0, 2250, 0, 6, 3630, 0, 7, 600, 0, 0, 0
Tue Aug 10 03:19:37 2021, 0, 2250, 0, 6, 3630, 0, 7, 600, 0, 0, 0
Tue Aug 10 03:20:38 2021, 0, 2250, 0, 6, 3630, 0, 7, 600, 0, 0, 0
Tue Aug 10 03:21:38 2021, 0, 2250, 0, 6, 3630, 0, 7, 600, 0, 0, 0
Tue Aug 10 03:22:39 2021, 0, 2250, 0, 6, 3630, 0, 7, 600, 0, 0, 0
Tue Aug 10 03:23:39 2021, 0, 2250, 0, 6, 3630, 0, 7, 600, 0, 0, 0
Tue Aug 10 03:24:40 2021, 0, 2250, 0, 6, 3630, 0, 7, 600, 0, 0, 0
Tue Aug 10 03:25:40 2021, 0, 2250, 0, 6, 3630, 0, 7, 600, 0, 0, 0
Tue Aug 10 03:26:41 2021, 0, 2250, 0, 6, 3630, 0, 7, 600, 0, 0, 0
Tue Aug 10 03:27:41 2021, 0, 2250, 0, 6, 3630, 0, 7, 600, 0, 0, 0
Tue Aug 10 03:28:42 2021, 0, 2250, 0, 6, 3630, 0, 7, 600, 0, 0, 0
Tue Aug 10 03:29:42 2021, 0, 2250, 0, 6, 3630, 0, 7, 600, 0, 0, 0
Tue Aug 10 03:30:43 2021, 0, 2250, 0, 6, 3630, 0, 7, 600, 0, 0, 0
Tue Aug 10 03:31:43 2021, 0, 2250, 0, 6, 3630, 0, 7, 600, 0, 0, 0
Tue Aug 10 03:32:44 2021, 0, 2250, 0, 6, 3630, 0, 7, 675, 0, 0, 0
Tue Aug 10 03:33:44 2021, 0, 2250, 0, 6, 3630, 0, 7, 675, 0, 0, 0
Tue Aug 10 03:34:45 2021, 0, 2250, 0, 6, 3630, 0, 7, 675, 0, 0, 0
Tue Aug 10 03:35:45 2021, 0, 2250, 0, 6, 3630, 0, 7, 675, 0, 0, 0
Tue Aug 10 03:36:46 2021, 0, 2250, 0, 6, 3630, 0, 7, 675, 0, 0, 0
Tue Aug 10 03:37:47 2021, 0, 2250, 0, 6, 3630, 0, 7, 675, 0, 0, 0
Tue Aug 10 03:38:47 2021, 0, 2250, 0, 6, 3630, 0, 7, 675, 0, 0, 0
Tue Aug 10 03:39:48 2021, 0, 2250, 0, 6, 3630, 0, 7, 675, 0, 0, 0
Tue Aug 10 03:40:48 2021, 0, 2250, 0, 6, 3630, 0, 7, 675, 0, 0, 0
Tue Aug 10 03:41:49 2021, 0, 2250, 0, 6, 3630, 0, 7, 675, 0, 0, 0
Tue Aug 10 03:42:49 2021, 0, 2250, 0, 6, 3630, 0, 7, 675, 0, 0, 0
Tue Aug 10 03:43:50 2021, 0, 2250, 0, 6, 3630, 0, 7, 675, 0, 0, 0
Tue Aug 10 03:44:50 2021, 0, 2250, 0, 6, 3630, 0, 7, 675, 0, 0, 0
Tue Aug 10 03:45:51 2021, 0, 2250, 0, 6, 3630, 0, 7, 675, 0, 0, 0
Tue Aug 10 03:46:51 2021, 0, 2250, 0, 6, 3630, 0, 7, 675, 0, 0, 0
Tue Aug 10 03:47:52 2021, 0, 2250, 0, 6, 3630, 0, 7, 675, 0, 0, 0
Tue Aug 10 03:48:52 2021, 0, 2250, 0, 6, 3630, 0, 7, 675, 0, 0, 0
Tue Aug 10 03:49:53 2021, 0, 2250, 0, 6, 3630, 0, 7, 675, 0, 0, 0
Tue Aug 10 03:50:53 2021, 0, 2250, 0, 6, 3630, 0, 7, 675, 0, 0, 0
Tue Aug 10 03:51:54 2021, 0, 2250, 0, 6, 3630, 0, 7, 675, 0, 0, 0
Tue Aug 10 03:52:54 2021, 0, 2250, 0, 6, 3630, 0, 7, 675, 0, 0, 0
Tue Aug 10 03:53:55 2021, 0, 2250, 0, 6, 3630, 0, 7, 675, 0, 0, 0
Tue Aug 10 03:54:55 2021, 0, 2250, 0, 6, 3630, 0, 7, 675, 0, 0, 0
Tue Aug 10 03:55:56 2021, 0, 2250, 0, 6, 3630, 0, 7, 675, 0, 0, 0
Tue Aug 10 03:56:56 2021, 0, 2250, 0, 6, 3630, 0, 7, 675, 0, 0, 0
Tue Aug 10 03:57:57 2021, 0, 2250, 0, 6, 3630, 0, 7, 675, 0, 0, 0
Tue Aug 10 03:58:57 2021, 0, 2250, 0, 6, 3630, 0, 7, 675, 0, 0, 0
Tue Aug 10 03:59:58 2021, 0, 2250, 0, 6, 3630, 0, 7, 675, 0, 0, 0
Tue Aug 10 04:00:58 2021, 0, 2250, 0, 6, 3630, 0, 7, 675, 0, 0, 0
Tue Aug 10 04:01:59 2021, 0, 2250, 0, 6, 3630, 0, 7, 675, 0, 0, 0
Tue Aug 10 04:02:59 2021, 0, 2250, 0, 6, 3630, 0, 7, 675, 0, 0, 0
Tue Aug 10 04:04:00 2021, 0, 2250, 0, 6, 3630, 0, 7, 675, 0, 0, 0
Tue Aug 10 04:05:00 2021, 0, 2250, 0, 6, 3630, 0, 7, 675, 0, 0, 0
Tue Aug 10 04:06:01 2021, 0, 2250, 0, 6, 3630, 0, 7, 675, 0, 0, 0
Tue Aug 10 04:07:01 2021, 0, 2250, 0, 6, 3630, 0, 7, 675, 0, 0, 0
Tue Aug 10 04:08:02 2021, 0, 2250, 0, 6, 3630, 0, 7, 675, 0, 0, 0
Tue Aug 10 04:09:02 2021, 0, 2250, 0, 6, 3630, 0, 7, 675, 0, 0, 0
Tue Aug 10 04:10:03 2021, 0, 2250, 0, 6, 3630, 0, 7, 675, 0, 0, 0
Tue Aug 10 04:11:03 2021, 0, 2250, 0, 6, 3630, 0, 7, 675, 0, 0, 0
Tue Aug 10 04:12:04 2021, 0, 2250, 0, 6, 3630, 0, 7, 675, 0, 0, 0
Tue Aug 10 04:13:04 2021, 0, 2250, 0, 6, 3630, 0, 7, 675, 0, 0, 0
Tue Aug 10 04:14:05 2021, 0, 2250, 0, 6, 3630, 0, 7, 675, 0, 0, 0
Tue Aug 10 04:15:05 2021, 0, 2250, 0, 6, 3630, 0, 7, 675, 0, 0, 0
Tue Aug 10 04:16:06 2021, 0, 2250, 0, 6, 3630, 0, 7, 675, 0, 0, 0
Tue Aug 10 04:17:06 2021, 0, 2250, 0, 6, 3630, 0, 7, 675, 0, 0, 0
Tue Aug 10 04:18:07 2021, 0, 2250, 0, 6, 3630, 0, 7, 675, 0, 0, 0
Tue Aug 10 04:19:07 2021, 0, 2250, 0, 6, 3630, 0, 7, 675, 0, 0, 0
Tue Aug 10 04:20:08 2021, 0, 2250, 0, 6, 3630, 0, 7, 675, 0, 0, 0
Tue Aug 10 04:21:08 2021, 0, 2250, 0, 6, 3630, 0, 7, 675, 0, 0, 0
Tue Aug 10 04:22:09 2021, 0, 2250, 0, 6, 3630, 0, 7, 675, 0, 0, 0
Tue Aug 10 04:23:09 2021, 0, 2250, 0, 6, 3630, 0, 7, 675, 0, 0, 0
Tue Aug 10 04:24:10 2021, 0, 2250, 0, 6, 3630, 0, 7, 675, 0, 0, 0
Tue Aug 10 04:25:10 2021, 0, 2250, 0, 6, 3630, 0, 7, 675, 0, 0, 0
Tue Aug 10 04:26:11 2021, 0, 2250, 0, 6, 3630, 0, 7, 675, 0, 0, 0
Tue Aug 10 04:27:11 2021, 0, 2250, 0, 6, 3630, 0, 7, 675, 0, 0, 0
Tue Aug 10 04:28:12 2021, 0, 2250, 0, 6, 3630, 0, 7, 675, 0, 0, 0
Tue Aug 10 04:29:12 2021, 0, 2250, 0, 6, 3630, 0, 7, 675, 0, 0, 0
Tue Aug 10 04:30:13 2021, 0, 2250, 0, 6, 3630, 0, 7, 675, 0, 0, 0
Tue Aug 10 04:31:13 2021, 0, 2250, 0, 6, 3630, 0, 7, 675, 0, 0, 0
Tue Aug 10 04:32:14 2021, 0, 2250, 0, 6, 3630, 0, 7, 675, 0, 0, 0
Tue Aug 10 04:33:14 2021, 0, 2250, 0, 6, 3630, 0, 7, 675, 0, 0, 0
Tue Aug 10 04:34:15 2021, 0, 2250, 0, 6, 3630, 0, 7, 675, 0, 0, 0
Tue Aug 10 04:35:15 2021, 0, 2250, 0, 6, 3630, 0, 7, 675, 0, 0, 0
Tue Aug 10 04:36:16 2021, 0, 2250, 0, 6, 3630, 0, 7, 675, 0, 0, 0
Tue Aug 10 04:37:16 2021, 0, 2250, 0, 6, 3630, 0, 7, 675, 0, 0, 0
Tue Aug 10 04:38:17 2021, 0, 2250, 0, 6, 3630, 0, 7, 675, 0, 0, 0
Tue Aug 10 04:39:17 2021, 0, 2250, 0, 6, 3630, 0, 7, 675, 0, 0, 0
Tue Aug 10 04:40:18 2021, 0, 2250, 0, 6, 3630, 0, 7, 675, 0, 0, 0
Tue Aug 10 04:41:18 2021, 0, 2250, 0, 6, 3630, 0, 7, 675, 0, 0, 0
Tue Aug 10 04:42:19 2021, 0, 2250, 0, 6, 3630, 0, 7, 675, 0, 0, 0
Tue Aug 10 04:43:19 2021, 0, 2250, 0, 6, 3630, 0, 7, 675, 0, 0, 0
Tue Aug 10 04:44:20 2021, 0, 2250, 0, 6, 3630, 0, 7, 675, 0, 0, 0
Tue Aug 10 04:45:20 2021, 0, 2250, 0, 6, 3630, 0, 7, 675, 0, 0, 0
Tue Aug 10 04:46:21 2021, 0, 2250, 0, 6, 3630, 0, 7, 675, 0, 0, 0
Tue Aug 10 04:47:21 2021, 0, 2250, 0, 6, 3630, 0, 7, 675, 0, 0, 0
Tue Aug 10 04:48:22 2021, 0, 2250, 0, 6, 3630, 0, 7, 675, 0, 0, 0
Tue Aug 10 04:49:22 2021, 0, 2250, 0, 6, 3630, 0, 7, 675, 0, 0, 0
Tue Aug 10 04:50:23 2021, 0, 2250, 0, 6, 3630, 0, 7, 675, 0, 0, 0
Tue Aug 10 04:51:23 2021, 0, 2250, 0, 6, 3630, 0, 7, 675, 0, 0, 0
Tue Aug 10 04:52:24 2021, 0, 2250, 0, 6, 3630, 0, 7, 675, 0, 0, 0
Tue Aug 10 04:53:25 2021, 0, 2250, 0, 6, 3630, 0, 7, 675, 0, 0, 0
Tue Aug 10 04:54:25 2021, 0, 2250, 0, 6, 3630, 0, 7, 675, 0, 0, 0
Tue Aug 10 04:55:26 2021, 0, 2250, 0, 6, 3630, 0, 7, 675, 0, 0, 0
Tue Aug 10 04:56:26 2021, 0, 2250, 0, 6, 3630, 0, 7, 675, 0, 0, 0
Tue Aug 10 04:57:27 2021, 0, 2250, 0, 6, 3630, 0, 7, 675, 0, 0, 0
Tue Aug 10 04:58:27 2021, 0, 2250, 0, 6, 3630, 0, 7, 675, 0, 0, 0
Tue Aug 10 04:59:28 2021, 0, 2250, 0, 6, 3630, 0, 7, 675, 0, 0, 0
Tue Aug 10 05:00:28 2021, 0, 2250, 0, 6, 3630, 0, 7, 675, 0, 0, 0
Tue Aug 10 05:01:29 2021, 0, 2250, 0, 6, 3630, 0, 7, 675, 0, 0, 0
Tue Aug 10 05:02:29 2021, 0, 2250, 0, 6, 3630, 0, 7, 675, 0, 0, 0
Tue Aug 10 05:03:30 2021, 0, 2250, 0, 6, 3630, 0, 7, 675, 0, 0, 0
Tue Aug 10 05:04:30 2021, 0, 2250, 0, 6, 3630, 0, 7, 675, 0, 0, 0
Tue Aug 10 05:05:31 2021, 0, 2250, 0, 6, 3630, 0, 7, 675, 0, 0, 0
Tue Aug 10 05:06:31 2021, 0, 2250, 0, 6, 3630, 0, 7, 675, 0, 0, 0
Tue Aug 10 05:07:32 2021, 0, 2250, 0, 6, 3630, 0, 7, 675, 0, 0, 0
Tue Aug 10 05:08:32 2021, 0, 2250, 0, 6, 3630, 0, 7, 675, 0, 0, 0
Tue Aug 10 05:09:33 2021, 0, 2250, 0, 6, 3630, 0, 7, 675, 0, 0, 0
Tue Aug 10 05:10:33 2021, 0, 2250, 0, 6, 3630, 0, 7, 675, 0, 0, 0
Tue Aug 10 05:11:34 2021, 0, 2250, 0, 6, 3630, 0, 7, 675, 0, 0, 0
Tue Aug 10 05:12:34 2021, 0, 2250, 0, 6, 3630, 0, 7, 675, 0, 0, 0
Tue Aug 10 05:13:35 2021, 0, 2250, 0, 6, 3630, 0, 7, 675, 0, 0, 0
Tue Aug 10 05:14:35 2021, 0, 2250, 0, 6, 3630, 0, 7, 675, 0, 0, 0
Tue Aug 10 05:15:36 2021, 0, 2250, 0, 6, 3630, 0, 7, 675, 0, 0, 0
Tue Aug 10 05:16:36 2021, 0, 2250, 0, 6, 3630, 0, 7, 675, 0, 0, 0
Tue Aug 10 05:17:37 2021, 0, 2250, 0, 6, 3630, 0, 7, 675, 0, 0, 0
Tue Aug 10 05:18:37 2021, 0, 2250, 0, 6, 3630, 0, 7, 675, 0, 0, 0
Tue Aug 10 05:19:38 2021, 0, 2250, 0, 6, 3630, 0, 7, 675, 0, 0, 0
Tue Aug 10 05:20:38 2021, 0, 2250, 0, 6, 3630, 0, 7, 675, 0, 0, 0
Tue Aug 10 05:21:39 2021, 0, 2250, 0, 6, 3630, 0, 7, 675, 0, 0, 0
Tue Aug 10 05:22:39 2021, 0, 2250, 0, 6, 3630, 0, 7, 675, 0, 0, 0
Tue Aug 10 05:23:40 2021, 0, 2250, 0, 6, 3630, 0, 7, 675, 0, 0, 0
Tue Aug 10 05:24:40 2021, 0, 2250, 0, 6, 3630, 0, 7, 675, 0, 0, 0
Tue Aug 10 05:25:41 2021, 0, 2250, 0, 6, 3630, 0, 7, 675, 0, 0, 0
Tue Aug 10 05:26:41 2021, 0, 2250, 0, 6, 3630, 0, 7, 675, 0, 0, 0
Tue Aug 10 05:27:42 2021, 0, 2250, 0, 6, 3630, 0, 7, 675, 0, 0, 0
Tue Aug 10 05:28:42 2021, 0, 2250, 0, 6, 3630, 0, 7, 675, 0, 0, 0
Tue Aug 10 05:29:43 2021, 0, 2250, 0, 6, 3630, 0, 7, 675, 0, 0, 0
Tue Aug 10 05:30:43 2021, 0, 2250, 0, 6, 3630, 0, 7, 675, 0, 0, 0
Tue Aug 10 05:31:44 2021, 0, 2250, 0, 6, 3630, 0, 7, 675, 0, 0, 0
Tue Aug 10 05:32:44 2021, 0, 2250, 0, 6, 3630, 0, 7, 675, 0, 0, 0
Tue Aug 10 05:33:45 2021, 0, 2250, 0, 6, 3630, 0, 7, 675, 0, 0, 0
Tue Aug 10 05:34:45 2021, 0, 2250, 0, 6, 3630, 0, 7, 675, 0, 0, 0
Tue Aug 10 05:35:46 2021, 0, 2250, 0, 6, 3630, 0, 7, 675, 0, 0, 0
Tue Aug 10 05:36:46 2021, 0, 2250, 0, 6, 3630, 0, 7, 675, 0, 0, 0
Tue Aug 10 05:37:47 2021, 0, 2250, 0, 6, 3630, 0, 7, 675, 0, 0, 0
Tue Aug 10 05:38:47 2021, 0, 2250, 0, 6, 3630, 0, 7, 675, 0, 0, 0
Tue Aug 10 05:39:48 2021, 0, 2250, 0, 6, 3630, 0, 7, 675, 0, 0, 0
Tue Aug 10 05:40:48 2021, 0, 2250, 0, 6, 3630, 0, 7, 675, 0, 0, 0
Tue Aug 10 05:41:49 2021, 0, 2250, 0, 6, 3630, 0, 7, 675, 0, 0, 0
Tue Aug 10 05:42:49 2021, 0, 2250, 0, 6, 3630, 0, 7, 675, 0, 0, 0
Tue Aug 10 05:43:50 2021, 0, 2250, 0, 6, 3630, 0, 7, 675, 0, 0, 0
Tue Aug 10 05:44:50 2021, 0, 2250, 0, 6, 3630, 0, 7, 675, 0, 0, 0
Tue Aug 10 05:45:51 2021, 0, 2250, 0, 6, 3630, 0, 7, 675, 0, 0, 0
Tue Aug 10 05:46:51 2021, 0, 2250, 0, 6, 3630, 0, 7, 675, 0, 0, 0
Tue Aug 10 05:47:52 2021, 0, 2250, 0, 6, 3630, 0, 7, 675, 0, 0, 0
Tue Aug 10 05:48:52 2021, 0, 2250, 0, 6, 3630, 0, 7, 675, 0, 0, 0
Tue Aug 10 05:49:53 2021, 0, 2250, 0, 6, 3630, 0, 7, 675, 0, 0, 0
Tue Aug 10 05:50:53 2021, 0, 2250, 0, 6, 3630, 0, 7, 675, 0, 0, 0
Tue Aug 10 05:51:54 2021, 0, 2250, 0, 6, 3630, 0, 7, 675, 0, 0, 0
Tue Aug 10 05:52:54 2021, 0, 2250, 0, 6, 3630, 0, 7, 675, 0, 0, 0
Tue Aug 10 05:53:55 2021, 0, 2250, 0, 6, 3630, 0, 7, 675, 0, 0, 0
Tue Aug 10 05:54:55 2021, 0, 2250, 0, 6, 3630, 0, 7, 675, 0, 0, 0
Tue Aug 10 05:55:56 2021, 0, 2250, 0, 6, 3630, 0, 7, 675, 0, 0, 0
Tue Aug 10 05:56:56 2021, 0, 2250, 0, 6, 3630, 0, 7, 675, 0, 0, 0
Tue Aug 10 05:57:57 2021, 0, 2250, 0, 6, 3630, 0, 7, 675, 0, 0, 0
Tue Aug 10 05:58:57 2021, 0, 2250, 0, 6, 3630, 0, 7, 675, 0, 0, 0
Tue Aug 10 05:59:58 2021, 0, 2250, 0, 6, 3630, 0, 7, 675, 0, 0, 0
Tue Aug 10 06:00:58 2021, 0, 2250, 0, 6, 3630, 0, 7, 675, 0, 0, 0
Tue Aug 10 06:01:59 2021, 0, 2250, 0, 6, 3630, 0, 7, 675, 0, 0, 0
Tue Aug 10 06:02:59 2021, 0, 2250, 0, 6, 3630, 0, 7, 675, 0, 0, 0
Tue Aug 10 06:04:00 2021, 0, 2250, 0, 6, 3630, 0, 7, 675, 0, 0, 0
Tue Aug 10 06:05:01 2021, 0, 2250, 0, 6, 3630, 0, 7, 675, 0, 0, 0
Tue Aug 10 06:06:01 2021, 0, 2250, 0, 6, 3630, 0, 7, 675, 0, 0, 0
Tue Aug 10 06:07:02 2021, 0, 2250, 0, 6, 3630, 0, 7, 675, 0, 0, 0
Tue Aug 10 06:08:02 2021, 0, 2250, 0, 6, 3630, 0, 7, 675, 0, 0, 0
Tue Aug 10 06:09:03 2021, 0, 2250, 0, 6, 3630, 0, 7, 750, 0, 0, 0
Tue Aug 10 06:09:28 2021, 0, 2250, 0, 6, 3630, 0, 7, 750, 0, 0, 0
Tue Aug 10 06:10:28 2021, 0, 2250, 0, 6, 3630, 0, 7, 750, 0, 0, 0
Tue Aug 10 06:11:29 2021, 0, 2250, 0, 6, 3630, 0, 7, 750, 0, 0, 0
Tue Aug 10 06:12:29 2021, 0, 2250, 0, 6, 3630, 0, 7, 750, 0, 0, 0
Tue Aug 10 06:13:30 2021, 0, 2250, 0, 6, 3630, 0, 7, 750, 0, 0, 0
Tue Aug 10 06:14:30 2021, 0, 2250, 0, 6, 3630, 0, 7, 750, 0, 0, 0
Tue Aug 10 06:15:11 2021, 0, 2250, 0, 6, 3630, 0, 7, 750, 0, 0, 0
Tue Aug 10 06:16:12 2021, 0, 2250, 0, 6, 3630, 0, 7, 750, 0, 0, 0
Tue Aug 10 06:17:12 2021, 0, 2250, 0, 6, 3630, 0, 7, 750, 0, 0, 0
Tue Aug 10 06:18:13 2021, 0, 2250, 0, 6, 3630, 0, 7, 750, 0, 0, 0
Tue Aug 10 06:19:13 2021, 0, 2250, 0, 6, 3630, 0, 7, 750, 0, 0, 0
Tue Aug 10 06:21:35 2021, 0, 2250, 0, 6, 3630, 0, 7, 750, 0, 0, 0
Tue Aug 10 06:22:35 2021, 0, 2250, 0, 6, 3630, 0, 7, 750, 0, 0, 0
Tue Aug 10 06:23:36 2021, 0, 2250, 0, 6, 3630, 0, 7, 750, 0, 0, 0
Tue Aug 10 06:24:37 2021, 0, 2250, 0, 6, 3630, 0, 7, 750, 0, 0, 0
0
Tue Aug 10 06:25:37 2021, 0, 2250, 0, 6, 3630, 0, 7, 750, 0, 0, 0
Tue Aug 10 06:26:14 2021, 0, 2250, 0, 6, 3630, 0, 7, 750, 0, 0, 0
Tue Aug 10 06:27:44 2021, 0, 2250, 0, 6, 3630, 0, 7, 750, 0, 0, 0
Tue Aug 10 06:28:44 2021, 0, 2250, 0, 6, 3630, 0, 7, 750, 0, 0, 0
Tue Aug 10 06:29:44 2021, 0, 2250, 0, 6, 3630, 0, 7, 750, 0, 0, 0
Tue Aug 10 06:30:45 2021, 0, 2250, 0, 6, 3630, 0, 7, 750, 0, 0, 0
Tue Aug 10 06:31:45 2021, 0, 2250, 0, 6, 3630, 0, 7, 750, 0, 0, 0
Tue Aug 10 06:32:46 2021, 0, 2250, 0, 6, 3630, 0, 7, 750, 0, 0, 0
Tue Aug 10 06:33:46 2021, 0, 2250, 0, 6, 3630, 0, 7, 750, 0, 0, 0
Tue Aug 10 06:34:47 2021, 0, 2250, 0, 6, 3630, 0, 7, 750, 0, 0, 0
Tue Aug 10 06:35:47 2021, 0, 2250, 0, 6, 3630, 0, 7, 750, 0, 0, 0
Tue Aug 10 06:36:48 2021, 0, 2250, 0, 6, 3630, 0, 7, 750, 0, 0, 0
Tue Aug 10 06:37:48 2021, 0, 2250, 0, 6, 3630, 0, 7, 750, 0, 0, 0
Tue Aug 10 06:38:49 2021, 0, 2250, 0, 6, 3630, 0, 7, 750, 0, 0, 0
Tue Aug 10 06:39:07 2021, 0, 2250, 0, 6, 3630, 0, 7, 750, 0, 0, 0
Tue Aug 10 06:40:07 2021, 0, 2250, 0, 6, 3630, 0, 7, 750, 0, 0, 0
Tue Aug 10 06:41:08 2021, 0, 2250, 0, 6, 3630, 0, 7, 750, 0, 0, 0
Tue Aug 10 06:42:08 2021, 0, 2250, 0, 6, 3630, 0, 7, 750, 0, 0, 0
Tue Aug 10 06:43:09 2021, 0, 2250, 0, 6, 3630, 0, 7, 750, 0, 0, 0
Tue Aug 10 06:44:09 2021, 0, 2250, 0, 6, 3630, 0, 7, 750, 0, 0, 0
Tue Aug 10 06:45:10 2021, 0, 2250, 0, 6, 3630, 0, 7, 750, 0, 0, 0
Tue Aug 10 07:16:10 2021, 0, 0, 0, 6, 0, 0, 7, 0, 0, 4407.74, 1
Tue Aug 10 07:17:10 2021, 0, 75, 4500, 6, 3630, 0, 7, 1725, 0, 4459.35, 1
Tue Aug 10 07:18:11 2021, 0, 150, 4500, 6, 3630, 0, 7, 1725, 0, 4449.03, 1
Tue Aug 10 07:19:11 2021, 0, 225, 4500, 6, 3630, 0, 7, 1575, 0, 4459.35, 1
Tue Aug 10 07:20:12 2021, 0, 300, 4500, 6, 3630, 0, 7, 1425, 0, 4418.06, 1
Tue Aug 10 07:21:12 2021, 0, 375, 4500, 6, 3630, 0, 7, 1350, 0, 4438.71, 1
Tue Aug 10 07:22:13 2021, 0, 450, 4500, 6, 3630, 0, 7, 1200, 0, 4459.35, 1
Tue Aug 10 07:23:13 2021, 0, 525, 4500, 6, 3630, 0, 7, 1050, 0, 4428.39, 1
Tue Aug 10 07:24:14 2021, 0, 675, 4500, 6, 3630, 0, 7, 1050, 0, 4459.35, 1
Tue Aug 10 07:25:14 2021, 0, 750, 4500, 6, 3630, 0, 7, 975, 0, 4449.03, 1
Tue Aug 10 07:26:15 2021, 0, 825, 4500, 6, 3630, 0, 7, 900, 0, 4418.06, 1
Tue Aug 10 07:27:15 2021, 0, 900, 4500, 6, 3630, 0, 7, 825, 0, 4428.39, 1
Tue Aug 10 07:28:16 2021, 0, 975, 4500, 6, 3630, 0, 7, 750, 0, 4418.06, 1
Tue Aug 10 07:29:16 2021, 0, 1050, 4500, 6, 3630, 0, 7, 750, 0, 4418.06, 1
Tue Aug 10 07:30:17 2021, 0, 1125, 4500, 6, 3630, 0, 7, 675, 0, 4418.06, 1
Tue Aug 10 07:31:17 2021, 0, 1200, 4500, 6, 3630, 0, 7, 600, 0, 4407.74, 1
Tue Aug 10 07:32:18 2021, 0, 1275, 4500, 6, 3630, 0, 7, 600, 0, 4428.39, 1
Tue Aug 10 07:33:18 2021, 0, 1350, 4500, 6, 3630, 0, 7, 525, 0, 4407.74, 1
Tue Aug 10 07:34:19 2021, 0, 1425, 4500, 6, 3630, 0, 7, 450, 0, 4397.42, 1
Tue Aug 10 07:35:19 2021, 0, 1500, 4500, 6, 3630, 0, 7, 375, 0, 4397.42, 1
Tue Aug 10 07:36:20 2021, 0, 1575, 4500, 6, 3630, 0, 7, 375, 0, 4449.03, 1
Tue Aug 10 07:37:20 2021, 0, 1650, 4500, 6, 3630, 0, 7, 300, 0, 4428.39, 1
Tue Aug 10 07:38:21 2021, 0, 1725, 4500, 6, 3630, 0, 7, 225, 0, 4449.03, 1
Tue Aug 10 07:39:21 2021, 0, 1800, 4500, 6, 3630, 0, 7, 225, 0, 4397.42, 1
Tue Aug 10 07:40:22 2021, 0, 1875, 4500, 6, 3630, 0, 7, 225, 0, 4428.39, 1
Tue Aug 10 07:41:22 2021, 0, 1950, 4500, 6, 3630, 0, 7, 225, 0, 4438.71, 1
Tue Aug 10 07:42:23 2021, 0, 2025, 4500, 6, 3630, 0, 7, 75, 0, 4387.1, 1
Tue Aug 10 07:43:23 2021, 0, 2100, 4500, 6, 3630, 0, 7, 75, 0, 4418.06, 1
Tue Aug 10 07:44:24 2021, 0, 2175, 4500, 6, 3630, 0, 7, 0, 0, 4407.74, 1
Tue Aug 10 07:45:24 2021, 0, 2250, 4500, 6, 3630, 0, 7, 0, 0, 0, 0
Tue Aug 10 07:46:25 2021, 0, 2250, 0, 6, 3630, 0, 7, 0, 0, 0, 0
Tue Aug 10 07:47:25 2021, 0, 2250, 0, 6, 3630, 0, 7, 0, 0, 0, 0
Tue Aug 10 07:48:26 2021, 0, 2250, 0, 6, 3630, 0, 7, 0, 0, 0, 0
Tue Aug 10 07:49:27 2021, 0, 2250, 0, 6, 3630, 0, 7, 0, 0, 0, 0
Tue Aug 10 07:50:27 2021, 0, 2250, 0, 6, 3630, 0, 7, 75, 0, 0, 0
Tue Aug 10 07:51:28 2021, 0, 2250, 0, 6, 3630, 0, 7, 75, 0, 0, 0
Tue Aug 10 07:52:28 2021, 0, 2250, 0, 6, 3630, 0, 7, 150, 0, 0, 0
Tue Aug 10 07:53:29 2021, 0, 2250, 0, 6, 3630, 0, 7, 150, 0, 0, 0
Tue Aug 10 07:54:29 2021, 0, 2250, 0, 6, 3630, 0, 7, 150, 0, 0, 0
Tue Aug 10 07:55:30 2021, 0, 2250, 0, 6, 3630, 0, 7, 225, 0, 0, 0
Tue Aug 10 07:56:30 2021, 0, 2250, 0, 6, 3630, 0, 7, 225, 0, 0, 0
Tue Aug 10 07:57:31 2021, 0, 2250, 0, 6, 3630, 0, 7, 225, 0, 0, 0
Tue Aug 10 07:58:31 2021, 0, 2250, 0, 6, 3630, 0, 7, 225, 0, 0, 0
Tue Aug 10 07:59:32 2021, 0, 2250, 0, 6, 3630, 0, 7, 225, 0, 0, 0
Tue Aug 10 08:00:32 2021, 0, 2250, 0, 6, 3630, 0, 7, 225, 0, 0, 0
Tue Aug 10 08:01:33 2021, 0, 2250, 0, 6, 3630, 0, 7, 225, 0, 0, 0
Tue Aug 10 08:02:33 2021, 0, 2250, 0, 6, 3630, 0, 7, 225, 0, 0, 0
Tue Aug 10 08:03:34 2021, 0, 2250, 0, 6, 3630, 0, 7, 225, 0, 0, 0
Tue Aug 10 08:04:34 2021, 0, 2250, 0, 6, 3630, 0, 7, 225, 0, 0, 0
Tue Aug 10 08:05:35 2021, 0, 2250, 0, 6, 3630, 0, 7, 225, 0, 0, 0
Tue Aug 10 08:06:35 2021, 0, 2250, 0, 6, 3630, 0, 7, 225, 0, 0, 0
Tue Aug 10 08:07:36 2021, 0, 2250, 0, 6, 3630, 0, 7, 225, 0, 0, 0
Tue Aug 10 08:08:36 2021, 0, 2250, 0, 6, 3630, 0, 7, 225, 0, 0, 0
Tue Aug 10 08:09:37 2021, 0, 2250, 0, 6, 3630, 0, 7, 225, 0, 0, 0
Tue Aug 10 08:10:37 2021, 0, 2250, 0, 6, 3630, 0, 7, 225, 0, 0, 0
Tue Aug 10 08:11:38 2021, 0, 2250, 0, 6, 3630, 0, 7, 225, 0, 0, 0
Tue Aug 10 08:12:38 2021, 0, 2250, 0, 6, 3630, 0, 7, 225, 0, 0, 0
Tue Aug 10 08:13:39 2021, 0, 2250, 0, 6, 3630, 0, 7, 225, 0, 0, 0
Tue Aug 10 08:14:39 2021, 0, 2250, 0, 6, 3630, 0, 7, 225, 0, 0, 0
Tue Aug 10 08:15:40 2021, 0, 2250, 0, 6, 3630, 0, 7, 225, 0, 0, 0
Tue Aug 10 08:16:40 2021, 0, 2250, 0, 6, 3630, 0, 7, 225, 0, 0, 0
Tue Aug 10 08:17:41 2021, 0, 2250, 0, 6, 3630, 0, 7, 225, 0, 0, 0
Tue Aug 10 08:18:41 2021, 0, 2250, 0, 6, 3630, 0, 7, 225, 0, 0, 0
Tue Aug 10 08:19:42 2021, 0, 2250, 0, 6, 3630, 0, 7, 225, 0, 0, 0
Tue Aug 10 08:20:42 2021, 0, 2250, 0, 6, 3630, 0, 7, 225, 0, 0, 0
Tue Aug 10 08:21:43 2021, 0, 2250, 0, 6, 3630, 0, 7, 225, 0, 0, 0
Tue Aug 10 08:22:43 2021, 0, 2250, 0, 6, 3630, 0, 7, 225, 0, 0, 0
Tue Aug 10 08:23:44 2021, 0, 2250, 0, 6, 3630, 0, 7, 225, 0, 0, 0
Tue Aug 10 08:24:44 2021, 0, 2250, 0, 6, 3630, 0, 7, 225, 0, 0, 0
Tue Aug 10 08:25:45 2021, 0, 2250, 0, 6, 3630, 0, 7, 225, 0, 0, 0
Tue Aug 10 08:26:45 2021, 0, 2250, 0, 6, 3630, 0, 7, 225, 0, 0, 0
Tue Aug 10 08:27:46 2021, 0, 2250, 0, 6, 3630, 0, 7, 225, 0, 0, 0
Tue Aug 10 08:28:46 2021, 0, 2250, 0, 6, 3630, 0, 7, 225, 0, 0, 0
Tue Aug 10 08:29:47 2021, 0, 2250, 0, 6, 3630, 0, 7, 225, 0, 0, 0
Tue Aug 10 08:30:47 2021, 0, 2250, 0, 6, 3630, 0, 7, 225, 0, 0, 0
Tue Aug 10 08:31:48 2021, 0, 2250, 0, 6, 3630, 0, 7, 225, 0, 0, 0
Tue Aug 10 08:32:48 2021, 0, 2250, 0, 6, 3630, 0, 7, 225, 0, 0, 0
Tue Aug 10 08:33:49 2021, 0, 2250, 0, 6, 3630, 0, 7, 225, 0, 0, 0
Tue Aug 10 08:34:49 2021, 0, 2250, 0, 6, 3630, 0, 7, 225, 0, 0, 0
Tue Aug 10 08:35:50 2021, 0, 2250, 0, 6, 3630, 0, 7, 300, 0, 0, 0
Tue Aug 10 08:36:50 2021, 0, 2250, 0, 6, 3630, 0, 7, 300, 0, 0, 0
Tue Aug 10 08:37:51 2021, 0, 2250, 0, 6, 3630, 0, 7, 300, 0, 0, 0
Tue Aug 10 08:38:51 2021, 0, 2250, 0, 6, 3630, 0, 7, 300, 0, 0, 0
Tue Aug 10 08:39:52 2021, 0, 2250, 0, 6, 3630, 0, 7, 300, 0, 0, 0
Tue Aug 10 08:40:52 2021, 0, 2250, 0, 6, 3630, 0, 7, 300, 0, 0, 0
Tue Aug 10 08:41:53 2021, 0, 2250, 0, 6, 3630, 0, 7, 300, 0, 0, 0
Tue Aug 10 08:42:53 2021, 0, 2250, 0, 6, 3630, 0, 7, 300, 0, 0, 0
Tue Aug 10 08:43:54 2021, 0, 2250, 0, 6, 3630, 0, 7, 300, 0, 0, 0
Tue Aug 10 08:44:54 2021, 0, 2250, 0, 6, 3630, 0, 7, 300, 0, 0, 0
Tue Aug 10 08:45:55 2021, 0, 2250, 0, 6, 3630, 0, 7, 300, 0, 0, 0
Tue Aug 10 08:46:55 2021, 0, 2250, 0, 6, 3630, 0, 7, 300, 0, 0, 0
Tue Aug 10 08:47:56 2021, 0, 2250, 0, 6, 3630, 0, 7, 300, 0, 0, 0
Tue Aug 10 08:48:56 2021, 0, 2250, 0, 6, 3630, 0, 7, 300, 0, 0, 0
Tue Aug 10 08:49:57 2021, 0, 2250, 0, 6, 3630, 0, 7, 300, 0, 0, 0
Tue Aug 10 08:50:57 2021, 0, 2250, 0, 6, 3630, 0, 7, 300, 0, 0, 0
Tue Aug 10 08:51:58 2021, 0, 2250, 0, 6, 3630, 0, 7, 300, 0, 0, 0
Tue Aug 10 08:52:58 2021, 0, 2250, 0, 6, 3630, 0, 7, 300, 0, 0, 0
Tue Aug 10 08:53:59 2021, 0, 2250, 0, 6, 3630, 0, 7, 300, 0, 0, 0
Tue Aug 10 08:54:59 2021, 0, 2250, 0, 6, 3630, 0, 7, 300, 0, 0, 0
Tue Aug 10 08:56:00 2021, 0, 2250, 0, 6, 3630, 0, 7, 300, 0, 0, 0
Tue Aug 10 08:57:00 2021, 0, 2250, 0, 6, 3630, 0, 7, 300, 0, 0, 0
Tue Aug 10 08:57:41 2021, 0, 2250, 0, 6, 3630, 0, 7, 300, 0, 0, 0
Tue Aug 10 08:58:42 2021, 0, 2250, 0, 6, 3630, 0, 7, 300, 0, 0, 0
Tue Aug 10 08:59:42 2021, 0, 2250, 0, 6, 3630, 0, 7, 300, 0, 0, 0
Tue Aug 10 09:00:43 2021, 0, 2250, 0, 6, 3630, 0, 7, 300, 0, 0, 0
Tue Aug 10 09:01:43 2021, 0, 2250, 0, 6, 3630, 0, 7, 300, 0, 0, 0
Tue Aug 10 09:02:44 2021, 0, 2250, 0, 6, 3630, 0, 7, 300, 0, 0, 0
Tue Aug 10 09:03:44 2021, 0, 2250, 0, 6, 3630, 0, 7, 300, 0, 0, 0
Tue Aug 10 09:04:45 2021, 0, 2250, 0, 6, 3630, 0, 7, 300, 0, 0, 0
Tue Aug 10 09:05:45 2021, 0, 2250, 0, 6, 3630, 0, 7, 300, 0, 0, 0
Tue Aug 10 09:06:46 2021, 0, 2250, 0, 6, 3630, 0, 7, 300, 0, 0, 0
Tue Aug 10 09:07:46 2021, 0, 2250, 0, 6, 3630, 0, 7, 300, 0, 0, 0
Tue Aug 10 09:08:47 2021, 0, 2250, 0, 6, 3630, 0, 7, 300, 0, 0, 0
Tue Aug 10 09:09:48 2021, 0, 2250, 0, 6, 3630, 0, 7, 300, 0, 0, 0
Tue Aug 10 09:10:48 2021, 0, 2250, 0, 6, 3630, 0, 7, 300, 0, 0, 0
Tue Aug 10 09:11:49 2021, 0, 2250, 0, 6, 3630, 0, 7, 300, 0, 0, 0
Tue Aug 10 09:12:49 2021, 0, 2250, 0, 6, 3630, 0, 7, 375, 0, 0, 0
Tue Aug 10 09:13:50 2021, 0, 2250, 0, 6, 3630, 0, 7, 375, 0, 0, 0
Tue Aug 10 09:14:50 2021, 0, 2250, 0, 6, 3630, 0, 7, 375, 0, 0, 0
Tue Aug 10 09:15:51 2021, 0, 2250, 0, 6, 3630, 0, 7, 375, 0, 0, 0
Tue Aug 10 09:16:51 2021, 0, 2250, 0, 6, 3630, 0, 7, 375, 0, 0, 0
Tue Aug 10 09:17:52 2021, 0, 2250, 0, 6, 3630, 0, 7, 375, 0, 0, 0
Tue Aug 10 09:18:52 2021, 0, 2250, 0, 6, 3630, 0, 7, 375, 0, 0, 0
Tue Aug 10 09:19:53 2021, 0, 2250, 0, 6, 3630, 0, 7, 375, 0, 0, 0
Tue Aug 10 09:20:53 2021, 0, 2250, 0, 6, 3630, 0, 7, 375, 0, 0, 0
Tue Aug 10 09:21:54 2021, 0, 2250, 0, 6, 3630, 0, 7, 375, 0, 0, 0
Tue Aug 10 09:22:54 2021, 0, 2250, 0, 6, 3630, 0, 7, 375, 0, 0, 0
Tue Aug 10 09:23:55 2021, 0, 2250, 0, 6, 3630, 0, 7, 375, 0, 0, 0
Tue Aug 10 09:24:55 2021, 0, 2250, 0, 6, 3630, 0, 7, 375, 0, 0, 0
Tue Aug 10 09:25:56 2021, 0, 2250, 0, 6, 3630, 0, 7, 375, 0, 0, 0
Tue Aug 10 09:26:56 2021, 0, 2250, 0, 6, 3630, 0, 7, 375, 0, 0, 0
Tue Aug 10 09:27:57 2021, 0, 2250, 0, 6, 3630, 0, 7, 375, 0, 0, 0
Tue Aug 10 09:28:57 2021, 0, 2250, 0, 6, 3630, 0, 7, 375, 0, 0, 0
Tue Aug 10 09:29:58 2021, 0, 2250, 0, 6, 3630, 0, 7, 375, 0, 0, 0
Tue Aug 10 09:30:58 2021, 0, 2250, 0, 6, 3630, 0, 7, 375, 0, 0, 0
Tue Aug 10 09:31:59 2021, 0, 2250, 0, 6, 3630, 0, 7, 375, 0, 0, 0
Tue Aug 10 09:32:59 2021, 0, 2250, 0, 6, 3630, 0, 7, 375, 0, 0, 0
Tue Aug 10 09:34:00 2021, 0, 2250, 0, 6, 3630, 0, 7, 375, 0, 0, 0
Tue Aug 10 09:35:00 2021, 0, 2250, 0, 6, 3630, 0, 7, 375, 0, 0, 0
Tue Aug 10 09:36:01 2021, 0, 2250, 0, 6, 3630, 0, 7, 375, 0, 0, 0
Tue Aug 10 09:37:01 2021, 0, 2250, 0, 6, 3630, 0, 7, 375, 0, 0, 0
Tue Aug 10 09:38:02 2021, 0, 2250, 0, 6, 3630, 0, 7, 375, 0, 0, 0
Tue Aug 10 09:39:02 2021, 0, 2250, 0, 6, 3630, 0, 7, 375, 0, 0, 0
Tue Aug 10 09:40:03 2021, 0, 2250, 0, 6, 3630, 0, 7, 375, 0, 0, 0
Tue Aug 10 09:41:03 2021, 0, 2250, 0, 6, 3630, 0, 7, 375, 0, 0, 0
Tue Aug 10 09:42:04 2021, 0, 2250, 0, 6, 3630, 0, 7, 375, 0, 0, 0
Tue Aug 10 09:43:04 2021, 0, 2250, 0, 6, 3630, 0, 7, 375, 0, 0, 0
Tue Aug 10 09:44:05 2021, 0, 2250, 0, 6, 3630, 0, 7, 375, 0, 0, 0
Tue Aug 10 09:45:05 2021, 0, 2250, 0, 6, 3630, 0, 7, 375, 0, 0, 0
Tue Aug 10 09:46:06 2021, 0, 2250, 0, 6, 3630, 0, 7, 375, 0, 0, 0
Tue Aug 10 09:47:06 2021, 0, 2250, 0, 6, 3630, 0, 7, 375, 0, 0, 0
Tue Aug 10 09:48:07 2021, 0, 2250, 0, 6, 3630, 0, 7, 375, 0, 0, 0
Tue Aug 10 09:49:07 2021, 0, 2250, 0, 6, 3630, 0, 7, 375, 0, 0, 0
Tue Aug 10 09:50:08 2021, 0, 2250, 0, 6, 3630, 0, 7, 375, 0, 0, 0
Tue Aug 10 09:51:08 2021, 0, 2250, 0, 6, 3630, 0, 7, 375, 0, 0, 0
Tue Aug 10 09:52:09 2021, 0, 2250, 0, 6, 3630, 0, 7, 375, 0, 0, 0
Tue Aug 10 09:53:09 2021, 0, 2250, 0, 6, 3630, 0, 7, 375, 0, 0, 0
Tue Aug 10 09:54:10 2021, 0, 2250, 0, 6, 3630, 0, 7, 375, 0, 0, 0
Tue Aug 10 09:55:10 2021, 0, 2250, 0, 6, 3630, 0, 7, 375, 0, 0, 0
Tue Aug 10 09:56:11 2021, 0, 2250, 0, 6, 3630, 0, 7, 375, 0, 0, 0
Tue Aug 10 09:57:11 2021, 0, 2250, 0, 6, 3630, 0, 7, 375, 0, 0, 0
Tue Aug 10 09:58:12 2021, 0, 2250, 0, 6, 3630, 0, 7, 375, 0, 0, 0
Tue Aug 10 09:59:12 2021, 0, 2250, 0, 6, 3630, 0, 7, 375, 0, 0, 0
Tue Aug 10 10:00:13 2021, 0, 2250, 0, 6, 3630, 0, 7, 375, 0, 0, 0
Tue Aug 10 10:01:13 2021, 0, 2250, 0, 6, 3630, 0, 7, 375, 0, 0, 0
Tue Aug 10 10:02:14 2021, 0, 2250, 0, 6, 3630, 0, 7, 375, 0, 0, 0
Tue Aug 10 10:03:14 2021, 0, 2250, 0, 6, 3630, 0, 7, 375, 0, 0, 0
Tue Aug 10 10:04:15 2021, 0, 2250, 0, 6, 3630, 0, 7, 375, 0, 0, 0
Tue Aug 10 10:05:15 2021, 0, 2250, 0, 6, 3630, 0, 7, 375, 0, 0, 0
Tue Aug 10 10:06:16 2021, 0, 2250, 0, 6, 3630, 0, 7, 375, 0, 0, 0
Tue Aug 10 10:07:16 2021, 0, 2250, 0, 6, 3630, 0, 7, 375, 0, 0, 0
Tue Aug 10 10:08:17 2021, 0, 2250, 0, 6, 3630, 0, 7, 375, 0, 0, 0
Tue Aug 10 10:09:17 2021, 0, 2250, 0, 6, 3630, 0, 7, 375, 0, 0, 0
Tue Aug 10 10:10:18 2021, 0, 2250, 0, 6, 3630, 0, 7, 375, 0, 0, 0
Tue Aug 10 10:11:18 2021, 0, 2250, 0, 6, 3630, 0, 7, 375, 0, 0, 0
Tue Aug 10 10:12:19 2021, 0, 2250, 0, 6, 3630, 0, 7, 375, 0, 0, 0
Tue Aug 10 10:13:19 2021, 0, 2250, 0, 6, 3630, 0, 7, 375, 0, 0, 0
Tue Aug 10 10:14:20 2021, 0, 2250, 0, 6, 3630, 0, 7, 375, 0, 0, 0
Tue Aug 10 10:15:20 2021, 0, 2250, 0, 6, 3630, 0, 7, 375, 0, 0, 0
Tue Aug 10 10:16:21 2021, 0, 2250, 0, 6, 3630, 0, 7, 375, 0, 0, 0
Tue Aug 10 10:17:21 2021, 0, 2250, 0, 6, 3630, 0, 7, 375, 0, 0, 0
Tue Aug 10 10:18:22 2021, 0, 2250, 0, 6, 3630, 0, 7, 375, 0, 0, 0
Tue Aug 10 10:19:22 2021, 0, 2250, 0, 6, 3630, 0, 7, 375, 0, 0, 0
Tue Aug 10 10:20:23 2021, 0, 2250, 0, 6, 3630, 0, 7, 375, 0, 0, 0
Tue Aug 10 10:21:23 2021, 0, 2250, 0, 6, 3630, 0, 7, 375, 0, 0, 0
Tue Aug 10 10:22:24 2021, 0, 2250, 0, 6, 3630, 0, 7, 375, 0, 0, 0
Tue Aug 10 10:23:24 2021, 0, 2250, 0, 6, 3630, 0, 7, 375, 0, 0, 0
Tue Aug 10 10:24:25 2021, 0, 2250, 0, 6, 3630, 0, 7, 375, 0, 0, 0
Tue Aug 10 10:25:25 2021, 0, 2250, 0, 6, 3630, 0, 7, 375, 0, 0, 0
Tue Aug 10 10:26:26 2021, 0, 2250, 0, 6, 3630, 0, 7, 375, 0, 0, 0
Tue Aug 10 10:27:27 2021, 0, 2250, 0, 6, 3630, 0, 7, 375, 0, 0, 0
Tue Aug 10 10:28:27 2021, 0, 2250, 0, 6, 3630, 0, 7, 375, 0, 0, 0
Tue Aug 10 10:29:28 2021, 0, 2250, 0, 6, 3630, 0, 7, 375, 0, 0, 0
Tue Aug 10 10:30:28 2021, 0, 2250, 0, 6, 3630, 0, 7, 375, 0, 0, 0
Tue Aug 10 10:31:29 2021, 0, 2250, 0, 6, 3630, 0, 7, 375, 0, 0, 0
Tue Aug 10 10:32:29 2021, 0, 2250, 0, 6, 3630, 0, 7, 450, 0, 0, 0
Tue Aug 10 10:33:30 2021, 0, 2250, 0, 6, 3630, 0, 7, 450, 0, 0, 0
Tue Aug 10 10:34:30 2021, 0, 2250, 0, 6, 3630, 0, 7, 450, 0, 0, 0
Tue Aug 10 10:35:31 2021, 0, 2250, 0, 6, 3630, 0, 7, 450, 0, 0, 0
Tue Aug 10 10:36:31 2021, 0, 2250, 0, 6, 3630, 0, 7, 450, 0, 0, 0
Tue Aug 10 10:37:32 2021, 0, 2250, 0, 6, 3630, 0, 7, 450, 0, 0, 0
Tue Aug 10 10:38:32 2021, 0, 2250, 0, 6, 3630, 0, 7, 450, 0, 0, 0
Tue Aug 10 10:39:33 2021, 0, 2250, 0, 6, 3630, 0, 7, 450, 0, 0, 0
Tue Aug 10 10:40:33 2021, 0, 2250, 0, 6, 3630, 0, 7, 450, 0, 0, 0
Tue Aug 10 10:41:34 2021, 0, 2250, 0, 6, 3630, 0, 7, 450, 0, 0, 0
Tue Aug 10 10:42:34 2021, 0, 2250, 0, 6, 3630, 0, 7, 450, 0, 0, 0
Tue Aug 10 10:43:35 2021, 0, 2250, 0, 6, 3630, 0, 7, 450, 0, 0, 0
Tue Aug 10 10:44:35 2021, 0, 2250, 0, 6, 3630, 0, 7, 450, 0, 0, 0
Tue Aug 10 10:45:36 2021, 0, 2250, 0, 6, 3630, 0, 7, 450, 0, 0, 0
Tue Aug 10 10:46:36 2021, 0, 2250, 0, 6, 3630, 0, 7, 450, 0, 0, 0
Tue Aug 10 10:47:37 2021, 0, 2250, 0, 6, 3630, 0, 7, 450, 0, 0, 0
Tue Aug 10 10:48:37 2021, 0, 2250, 0, 6, 3630, 0, 7, 450, 0, 0, 0
Tue Aug 10 10:49:38 2021, 0, 2250, 0, 6, 3630, 0, 7, 450, 0, 0, 0
Tue Aug 10 10:50:38 2021, 0, 2250, 0, 6, 3630, 0, 7, 450, 0, 0, 0
Tue Aug 10 10:51:39 2021, 0, 2250, 0, 6, 3630, 0, 7, 450, 0, 0, 0
Tue Aug 10 10:52:39 2021, 0, 2250, 0, 6, 3630, 0, 7, 450, 0, 0, 0
Tue Aug 10 10:53:40 2021, 0, 2250, 0, 6, 3630, 0, 7, 450, 0, 0, 0
Tue Aug 10 10:54:40 2021, 0, 2250, 0, 6, 3630, 0, 7, 450, 0, 0, 0
Tue Aug 10 10:55:41 2021, 0, 2250, 0, 6, 3630, 0, 7, 450, 0, 0, 0
Tue Aug 10 10:56:41 2021, 0, 2250, 0, 6, 3630, 0, 7, 450, 0, 0, 0
Tue Aug 10 10:57:42 2021, 0, 2250, 0, 6, 3630, 0, 7, 450, 0, 0, 0
Tue Aug 10 10:58:42 2021, 0, 2250, 0, 6, 3630, 0, 7, 450, 0, 0, 0
Tue Aug 10 10:59:43 2021, 0, 2250, 0, 6, 3630, 0, 7, 450, 0, 0, 0
Tue Aug 10 11:00:43 2021, 0, 2250, 0, 6, 3630, 0, 7, 450, 0, 0, 0
Tue Aug 10 11:01:44 2021, 0, 2250, 0, 6, 3630, 0, 7, 450, 0, 0, 0
Tue Aug 10 11:02:44 2021, 0, 2250, 0, 6, 3630, 0, 7, 450, 0, 0, 0
Tue Aug 10 11:03:45 2021, 0, 2250, 0, 6, 3630, 0, 7, 450, 0, 0, 0
Tue Aug 10 11:04:45 2021, 0, 2250, 0, 6, 3630, 0, 7, 450, 0, 0, 0
Tue Aug 10 11:05:46 2021, 0, 2250, 0, 6, 3630, 0, 7, 450, 0, 0, 0
Tue Aug 10 11:06:46 2021, 0, 2250, 0, 6, 3630, 0, 7, 450, 0, 0, 0
Tue Aug 10 11:07:47 2021, 0, 2250, 0, 6, 3630, 0, 7, 450, 0, 0, 0
Tue Aug 10 11:08:47 2021, 0, 2250, 0, 6, 3630, 0, 7, 450, 0, 0, 0
Tue Aug 10 11:09:48 2021, 0, 2250, 0, 6, 3630, 0, 7, 450, 0, 0, 0
Tue Aug 10 11:10:48 2021, 0, 2250, 0, 6, 3630, 0, 7, 450, 0, 0, 0
Tue Aug 10 11:11:49 2021, 0, 2250, 0, 6, 3630, 0, 7, 525, 0, 0, 0
Tue Aug 10 11:12:49 2021, 0, 2250, 0, 6, 3630, 0, 7, 525, 0, 0, 0
Tue Aug 10 11:13:50 2021, 0, 2250, 0, 6, 3630, 0, 7, 525, 0, 0, 0
Tue Aug 10 11:14:50 2021, 0, 2250, 0, 6, 3630, 0, 7, 525, 0, 0, 0
Tue Aug 10 11:15:51 2021, 0, 2250, 0, 6, 3630, 0, 7, 525, 0, 0, 0
Tue Aug 10 11:16:51 2021, 0, 2250, 0, 6, 3630, 0, 7, 525, 0, 0, 0
Tue Aug 10 11:17:52 2021, 0, 2250, 0, 6, 3630, 0, 7, 525, 0, 0, 0
Tue Aug 10 11:18:52 2021, 0, 2250, 0, 6, 3630, 0, 7, 525, 0, 0, 0
Tue Aug 10 11:19:53 2021, 0, 2250, 0, 6, 3630, 0, 7, 525, 0, 0, 0
Tue Aug 10 11:20:53 2021, 0, 2250, 0, 6, 3630, 0, 7, 525, 0, 0, 0
Tue Aug 10 11:21:54 2021, 0, 2250, 0, 6, 3630, 0, 7, 525, 0, 0, 0
Tue Aug 10 11:22:54 2021, 0, 2250, 0, 6, 3630, 0, 7, 525, 0, 0, 0
Tue Aug 10 11:23:55 2021, 0, 2250, 0, 6, 3630, 0, 7, 525, 0, 0, 0
Tue Aug 10 11:24:55 2021, 0, 2250, 0, 6, 3630, 0, 7, 525, 0, 0, 0
Tue Aug 10 11:25:56 2021, 0, 2250, 0, 6, 3630, 0, 7, 525, 0, 0, 0
Tue Aug 10 11:26:56 2021, 0, 2250, 0, 6, 3630, 0, 7, 525, 0, 0, 0
Tue Aug 10 11:27:57 2021, 0, 2250, 0, 6, 3630, 0, 7, 525, 0, 0, 0
Tue Aug 10 11:28:57 2021, 0, 2250, 0, 6, 3630, 0, 7, 525, 0, 0, 0
Tue Aug 10 11:29:58 2021, 0, 2250, 0, 6, 3630, 0, 7, 525, 0, 0, 0
Tue Aug 10 11:30:58 2021, 0, 2250, 0, 6, 3630, 0, 7, 525, 0, 0, 0
Tue Aug 10 11:31:59 2021, 0, 2250, 0, 6, 3630, 0, 7, 525, 0, 0, 0
Tue Aug 10 11:33:00 2021, 0, 2250, 0, 6, 3630, 0, 7, 525, 0, 0, 0
Tue Aug 10 11:34:00 2021, 0, 2250, 0, 6, 3630, 0, 7, 525, 0, 0, 0
Tue Aug 10 11:35:01 2021, 0, 2250, 0, 6, 3630, 0, 7, 525, 0, 0, 0
Tue Aug 10 11:36:01 2021, 0, 2250, 0, 6, 3630, 0, 7, 525, 0, 0, 0
Tue Aug 10 11:42:38 2021, 0, 2250, 0, 6, 3630, 0, 7, 525, 0, 0, 0
Tue Aug 10 11:45:00 2021, 0, 2250, 0, 6, 3630, 0, 7, 525, 0, 0, 0
Tue Aug 10 11:46:01 2021, 0, 2250, 0, 6, 3630, 0, 7, 525, 0, 0, 0
Tue Aug 10 11:46:21 2021, 0, 2250, 0, 6, 3630, 0, 7, 525, 0, 0, 0
Tue Aug 10 11:47:21 2021, 0, 2250, 0, 6, 3630, 0, 7, 525, 0, 0, 0
Tue Aug 10 11:48:22 2021, 0, 2250, 0, 6, 3630, 0, 7, 525, 0, 0, 0
Tue Aug 10 11:49:22 2021, 0, 2250, 0, 6, 3630, 0, 7, 525, 0, 0, 0
Tue Aug 10 11:50:23 2021, 0, 2250, 0, 6, 3630, 0, 7, 525, 0, 0, 0
Tue Aug 10 11:51:24 2021, 0, 2250, 0, 6, 3630, 0, 7, 525, 0, 0, 0
Tue Aug 10 11:52:24 2021, 0, 2250, 0, 6, 3630, 0, 7, 525, 0, 0, 0
Tue Aug 10 11:53:25 2021, 0, 2250, 0, 6, 3630, 0, 7, 525, 0, 0, 0
Tue Aug 10 11:54:25 2021, 0, 2250, 0, 6, 3630, 0, 7, 525, 0, 0, 0
Tue Aug 10 11:55:26 2021, 0, 2250, 0, 6, 3630, 0, 7, 525, 0, 0, 0
Tue Aug 10 11:56:26 2021, 0, 2250, 0, 6, 3630, 0, 7, 525, 0, 0, 0
Tue Aug 10 11:57:27 2021, 0, 2250, 0, 6, 3630, 0, 7, 525, 0, 0, 0
Tue Aug 10 11:58:27 2021, 0, 2250, 0, 6, 3630, 0, 7, 525, 0, 0, 0
Tue Aug 10 11:59:28 2021, 0, 2250, 0, 6, 3630, 0, 7, 525, 0, 0, 0
Tue Aug 10 12:00:28 2021, 0, 2250, 0, 6, 3630, 0, 7, 525, 0, 0, 0
Tue Aug 10 12:01:29 2021, 0, 2250, 0, 6, 3630, 0, 7, 525, 0, 0, 0
Tue Aug 10 12:02:29 2021, 0, 2250, 0, 6, 3630, 0, 7, 525, 0, 0, 0
Tue Aug 10 12:03:30 2021, 0, 2250, 0, 6, 3630, 0, 7, 525, 0, 0, 0
Tue Aug 10 12:04:30 2021, 0, 2250, 0, 6, 3630, 0, 7, 525, 0, 0, 0
Tue Aug 10 12:05:31 2021, 0, 2250, 0, 6, 3630, 0, 7, 525, 0, 0, 0
Tue Aug 10 12:06:27 2021, 0, 2250, 0, 6, 3630, 0, 7, 525, 0, 0, 0
Tue Aug 10 12:07:28 2021, 0, 2250, 0, 6, 3630, 0, 7, 525, 0, 0, 0
Tue Aug 10 12:08:28 2021, 0, 2250, 0, 6, 3630, 0, 7, 525, 0, 0, 0
Tue Aug 10 12:09:29 2021, 0, 2250, 0, 6, 3630, 0, 7, 525, 0, 0, 0
Tue Aug 10 12:10:29 2021, 0, 2250, 0, 6, 3630, 0, 7, 525, 0, 0, 0
Tue Aug 10 12:11:30 2021, 0, 2250, 0, 6, 3630, 0, 7, 525, 0, 0, 0
Tue Aug 10 12:12:31 2021, 0, 2250, 0, 6, 3630, 0, 7, 525, 0, 0, 0
Tue Aug 10 12:13:31 2021, 0, 2250, 0, 6, 3630, 0, 7, 525, 0, 0, 0
Tue Aug 10 12:14:32 2021, 0, 2250, 0, 6, 3630, 0, 7, 525, 0, 0, 0
Tue Aug 10 12:15:32 2021, 0, 2250, 0, 6, 3630, 0, 7, 525, 0, 0, 0
Tue Aug 10 12:16:33 2021, 0, 2250, 0, 6, 3630, 0, 7, 525, 0, 0, 0
Tue Aug 10 12:17:33 2021, 0, 2250, 0, 6, 3630, 0, 7, 525, 0, 0, 0
Tue Aug 10 12:18:34 2021, 0, 2250, 0, 6, 3630, 0, 7, 525, 0, 0, 0
Tue Aug 10 12:19:34 2021, 0, 2250, 0, 6, 3630, 0, 7, 525, 0, 0, 0
Tue Aug 10 12:20:35 2021, 0, 2250, 0, 6, 3630, 0, 7, 525, 0, 0, 0
Tue Aug 10 12:21:35 2021, 0, 2250, 0, 6, 3630, 0, 7, 525, 0, 0, 0
Tue Aug 10 12:22:36 2021, 0, 2250, 0, 6, 3630, 0, 7, 525, 0, 0, 0
Tue Aug 10 12:23:36 2021, 0, 2250, 0, 6, 3630, 0, 7, 525, 0, 0, 0
Tue Aug 10 12:24:37 2021, 0, 2250, 0, 6, 3630, 0, 7, 525, 0, 0, 0
Tue Aug 10 12:25:37 2021, 0, 2250, 0, 6, 3630, 0, 7, 525, 0, 0, 0
Tue Aug 10 12:26:38 2021, 0, 2250, 0, 6, 3630, 0, 7, 525, 0, 0, 0
Tue Aug 10 12:27:38 2021, 0, 2250, 0, 6, 3630, 0, 7, 525, 0, 0, 0
Tue Aug 10 12:28:39 2021, 0, 2250, 0, 6, 3630, 0, 7, 525, 0, 0, 0
Tue Aug 10 12:29:39 2021, 0, 2250, 0, 6, 3630, 0, 7, 525, 0, 0, 0
Tue Aug 10 12:30:40 2021, 0, 2250, 0, 6, 3630, 0, 7, 525, 0, 0, 0
Tue Aug 10 12:31:40 2021, 0, 2250, 0, 6, 3630, 0, 7, 525, 0, 0, 0
Tue Aug 10 12:32:41 2021, 0, 2250, 0, 6, 3630, 0, 7, 525, 0, 0, 0
Tue Aug 10 12:33:41 2021, 0, 2250, 0, 6, 3630, 0, 7, 525, 0, 0, 0
Tue Aug 10 12:34:42 2021, 0, 2250, 0, 6, 3630, 0, 7, 525, 0, 0, 0
Tue Aug 10 12:35:42 2021, 0, 2250, 0, 6, 3630, 0, 7, 525, 0, 0, 0
Tue Aug 10 12:36:43 2021, 0, 2250, 0, 6, 3630, 0, 7, 525, 0, 0, 0
Tue Aug 10 12:37:43 2021, 0, 2250, 0, 6, 3630, 0, 7, 600, 0, 0, 0
Tue Aug 10 12:38:44 2021, 0, 2250, 0, 6, 3630, 0, 7, 600, 0, 0, 0
Tue Aug 10 12:39:44 2021, 0, 2250, 0, 6, 3630, 0, 7, 600, 0, 0, 0
Tue Aug 10 12:40:45 2021, 0, 2250, 0, 6, 3630, 0, 7, 600, 0, 0, 0
Tue Aug 10 12:41:46 2021, 0, 2250, 0, 6, 3630, 0, 7, 600, 0, 0, 0
Tue Aug 10 12:42:46 2021, 0, 2250, 0, 6, 3630, 0, 7, 600, 0, 0, 0
Tue Aug 10 12:43:47 2021, 0, 2250, 0, 6, 3630, 0, 7, 600, 0, 0, 0
Tue Aug 10 12:44:47 2021, 0, 2250, 0, 6, 3630, 0, 7, 600, 0, 0, 0
Tue Aug 10 12:56:59 2021, 0, 2250, 0, 6, 3630, 0, 7, 600, 0, 0, 0
Tue Aug 10 12:58:00 2021, 0, 2250, 0, 6, 3630, 0, 7, 600, 0, 0, 0
Tue Aug 10 12:59:00 2021, 0, 2250, 0, 6, 3630, 0, 7, 600, 0, 0, 0
Tue Aug 10 13:00:01 2021, 0, 2250, 0, 6, 3630, 0, 7, 600, 0, 0, 0
Tue Aug 10 13:01:01 2021, 0, 2250, 0, 6, 3630, 0, 7, 600, 0, 0, 0
Tue Aug 10 13:02:02 2021, 0, 2250, 0, 6, 3630, 0, 7, 600, 0, 0, 0
Tue Aug 10 13:03:02 2021, 0, 2250, 0, 6, 3630, 0, 7, 600, 0, 0, 0
Tue Aug 10 13:04:03 2021, 0, 2250, 0, 6, 3630, 0, 7, 600, 0, 0, 0
Tue Aug 10 13:05:03 2021, 0, 2250, 0, 6, 3630, 0, 7, 600, 0, 0, 0
Tue Aug 10 13:06:04 2021, 0, 2250, 0, 6, 3630, 0, 7, 600, 0, 0, 0
Tue Aug 10 13:07:04 2021, 0, 2250, 0, 6, 3630, 0, 7, 600, 0, 0, 0
Tue Aug 10 13:08:05 2021, 0, 2250, 0, 6, 3630, 0, 7, 600, 0, 0, 0
Tue Aug 10 13:09:05 2021, 0, 2250, 0, 6, 3630, 0, 7, 600, 0, 0, 0
Tue Aug 10 13:10:06 2021, 0, 2250, 0, 6, 3630, 0, 7, 600, 0, 0, 0
Tue Aug 10 13:11:06 2021, 0, 2250, 0, 6, 3630, 0, 7, 600, 0, 0, 0
Tue Aug 10 13:12:07 2021, 0, 2250, 0, 6, 3630, 0, 7, 600, 0, 0, 0
Tue Aug 10 13:13:07 2021, 0, 2250, 0, 6, 3630, 0, 7, 600, 0, 0, 0
Tue Aug 10 13:14:08 2021, 0, 2250, 0, 6, 3630, 0, 7, 600, 0, 0, 0
Tue Aug 10 13:15:08 2021, 0, 2250, 0, 6, 3630, 0, 7, 600, 0, 0, 0
Tue Aug 10 13:16:09 2021, 0, 2250, 0, 6, 3630, 0, 7, 600, 0, 0, 0
Tue Aug 10 13:17:09 2021, 0, 2250, 0, 6, 3630, 0, 7, 600, 0, 0, 0
Tue Aug 10 13:18:10 2021, 0, 2250, 0, 6, 3630, 0, 7, 600, 0, 0, 0
Tue Aug 10 13:19:10 2021, 0, 2250, 0, 6, 3630, 0, 7, 600, 0, 0, 0
Tue Aug 10 13:20:11 2021, 0, 2250, 0, 6, 3630, 0, 7, 600, 0, 0, 0
Tue Aug 10 13:21:11 2021, 0, 2250, 0, 6, 3630, 0, 7, 600, 0, 0, 0
Tue Aug 10 13:22:12 2021, 0, 2250, 0, 6, 3630, 0, 7, 600, 0, 0, 0
Tue Aug 10 13:23:12 2021, 0, 2250, 0, 6, 3630, 0, 7, 600, 0, 0, 0
Tue Aug 10 13:24:13 2021, 0, 2250, 0, 6, 3630, 0, 7, 600, 0, 0, 0
Tue Aug 10 13:25:13 2021, 0, 2250, 0, 6, 3630, 0, 7, 600, 0, 0, 0
Tue Aug 10 13:26:14 2021, 0, 2250, 0, 6, 3630, 0, 7, 600, 0, 0, 0
Tue Aug 10 13:27:14 2021, 0, 2250, 0, 6, 3630, 0, 7, 600, 0, 0, 0
Tue Aug 10 13:28:15 2021, 0, 2250, 0, 6, 3630, 0, 7, 600, 0, 0, 0
Tue Aug 10 13:29:15 2021, 0, 2250, 0, 6, 3630, 0, 7, 600, 0, 0, 0
Tue Aug 10 13:30:16 2021, 0, 2250, 0, 6, 3630, 0, 7, 600, 0, 0, 0
Tue Aug 10 13:31:16 2021, 0, 2250, 0, 6, 3630, 0, 7, 600, 0, 0, 0
Tue Aug 10 13:32:17 2021, 0, 2250, 0, 6, 3630, 0, 7, 600, 0, 0, 0
Tue Aug 10 13:33:17 2021, 0, 2250, 0, 6, 3630, 0, 7, 600, 0, 0, 0
Tue Aug 10 13:34:18 2021, 0, 2250, 0, 6, 3630, 0, 7, 600, 0, 0, 0
Tue Aug 10 13:35:19 2021, 0, 2250, 0, 6, 3630, 0, 7, 600, 0, 0, 0
Tue Aug 10 13:36:19 2021, 0, 2250, 0, 6, 3630, 0, 7, 600, 0, 0, 0
Tue Aug 10 13:37:20 2021, 0, 2250, 0, 6, 3630, 0, 7, 600, 0, 0, 0
Tue Aug 10 13:38:20 2021, 0, 2250, 0, 6, 3630, 0, 7, 600, 0, 0, 0
Tue Aug 10 13:39:21 2021, 0, 2250, 0, 6, 3630, 0, 7, 600, 0, 0, 0
Tue Aug 10 13:40:21 2021, 0, 2250, 0, 6, 3630, 0, 7, 600, 0, 0, 0
Tue Aug 10 13:41:22 2021, 0, 2250, 0, 6, 3630, 0, 7, 600, 0, 0, 0
Tue Aug 10 13:42:22 2021, 0, 2250, 0, 6, 3630, 0, 7, 600, 0, 0, 0
Tue Aug 10 13:43:23 2021, 0, 2250, 0, 6, 3630, 0, 7, 600, 0, 0, 0
Tue Aug 10 13:44:23 2021, 0, 2250, 0, 6, 3630, 0, 7, 600, 0, 0, 0
Tue Aug 10 13:45:24 2021, 0, 2250, 0, 6, 3630, 0, 7, 600, 0, 0, 0
Tue Aug 10 13:46:24 2021, 0, 2250, 0, 6, 3630, 0, 7, 600, 0, 0, 0
Tue Aug 10 13:47:25 2021, 0, 2250, 0, 6, 3630, 0, 7, 600, 0, 0, 0
Tue Aug 10 13:48:25 2021, 0, 2250, 0, 6, 3630, 0, 7, 600, 0, 0, 0
Tue Aug 10 13:49:26 2021, 0, 2250, 0, 6, 3630, 0, 7, 600, 0, 0, 0
Tue Aug 10 13:50:26 2021, 0, 2250, 0, 6, 3630, 0, 7, 600, 0, 0, 0
Tue Aug 10 13:51:27 2021, 0, 2250, 0, 6, 3630, 0, 7, 600, 0, 0, 0
Tue Aug 10 13:52:27 2021, 0, 2250, 0, 6, 3630, 0, 7, 600, 0, 0, 0
Tue Aug 10 13:53:28 2021, 0, 2250, 0, 6, 3630, 0, 7, 600, 0, 0, 0
Tue Aug 10 13:54:28 2021, 0, 2250, 0, 6, 3630, 0, 7, 600, 0, 0, 0
Tue Aug 10 13:55:29 2021, 0, 2250, 0, 6, 3630, 0, 7, 600, 0, 0, 0
Tue Aug 10 13:56:29 2021, 0, 2250, 0, 6, 3630, 0, 7, 600, 0, 0, 0
Tue Aug 10 13:57:30 2021, 0, 2250, 0, 6, 3630, 0, 7, 600, 0, 0, 0
Tue Aug 10 13:58:30 2021, 0, 2250, 0, 6, 3630, 0, 7, 600, 0, 0, 0
Tue Aug 10 13:59:31 2021, 0, 2250, 0, 6, 3630, 0, 7, 600, 0, 0, 0
Tue Aug 10 14:00:31 2021, 0, 2250, 0, 6, 3630, 0, 7, 600, 0, 0, 0
Tue Aug 10 14:01:32 2021, 0, 2250, 0, 6, 3630, 0, 7, 600, 0, 0, 0
Tue Aug 10 14:02:32 2021, 0, 2250, 0, 6, 3630, 0, 7, 600, 0, 0, 0
Tue Aug 10 14:03:33 2021, 0, 2250, 0, 6, 3630, 0, 7, 600, 0, 0, 0
Tue Aug 10 14:04:33 2021, 0, 2250, 0, 6, 3630, 0, 7, 600, 0, 0, 0
Tue Aug 10 14:07:35 2021, 0, 0, 0, 6, 0, 0, 7, 0, 0, 0, 0
Tue Aug 10 14:08:35 2021, 0, 0, 0, 6, 3630, 0, 7, 600, 0, 0, 0
Tue Aug 10 14:09:36 2021, 0, 0, 0, 6, 3630, 0, 7, 600, 0, 0, 0
Tue Aug 10 14:10:36 2021, 0, 0, 0, 6, 3630, 0, 7, 600, 0, 0, 0
Tue Aug 10 14:11:37 2021, 0, 0, 0, 6, 3630, 0, 7, 600, 0, 0, 0
Tue Aug 10 14:12:37 2021, 0, 0, 0, 6, 3630, 0, 7, 600, 0, 0, 0
Tue Aug 10 14:13:38 2021, 0, 0, 0, 6, 3630, 0, 7, 600, 0, 0, 0
Tue Aug 10 14:14:38 2021, 0, 0, 0, 6, 3630, 0, 7, 600, 0, 0, 0
Tue Aug 10 14:15:39 2021, 0, 0, 0, 6, 3630, 0, 7, 600, 0, 0, 0
Tue Aug 10 14:16:39 2021, 0, 0, 0, 6, 3630, 0, 7, 600, 0, 0, 0
Tue Aug 10 14:17:40 2021, 0, 0, 0, 6, 3630, 0, 7, 600, 0, 0, 0
Tue Aug 10 14:18:40 2021, 0, 0, 0, 6, 3630, 0, 7, 600, 0, 0, 0
Tue Aug 10 14:19:41 2021, 0, 0, 0, 6, 3630, 0, 7, 600, 0, 0, 0
Tue Aug 10 14:20:41 2021, 0, 0, 0, 6, 3630, 0, 7, 600, 0, 0, 0
Tue Aug 10 14:21:42 2021, 0, 0, 0, 6, 3630, 0, 7, 600, 0, 0, 0
Tue Aug 10 14:22:42 2021, 0, 0, 0, 6, 3630, 0, 7, 600, 0, 0, 0
Tue Aug 10 14:23:43 2021, 0, 0, 0, 6, 3630, 0, 7, 600, 0, 0, 0
Tue Aug 10 14:24:43 2021, 0, 0, 0, 6, 3630, 0, 7, 600, 0, 0, 0
Tue Aug 10 14:25:44 2021, 0, 0, 0, 6, 3630, 0, 7, 600, 0, 0, 0
Tue Aug 10 14:26:45 2021, 0, 0, 0, 6, 3630, 0, 7, 600, 0, 0, 0
Tue Aug 10 14:27:45 2021, 0, 0, 0, 6, 3630, 0, 7, 600, 0, 0, 0
Tue Aug 10 14:28:46 2021, 0, 0, 0, 6, 3630, 0, 7, 600, 0, 0, 0
Tue Aug 10 14:29:46 2021, 0, 0, 0, 6, 3630, 0, 7, 600, 0, 0, 0
Tue Aug 10 14:30:47 2021, 0, 0, 0, 6, 3630, 0, 7, 600, 0, 0, 0
Tue Aug 10 14:31:47 2021, 0, 0, 0, 6, 3630, 0, 7, 600, 0, 0, 0
Tue Aug 10 14:32:48 2021, 0, 0, 0, 6, 3630, 0, 7, 600, 0, 0, 0
Tue Aug 10 14:33:48 2021, 0, 0, 0, 6, 3630, 0, 7, 600, 0, 0, 0
Tue Aug 10 14:34:49 2021, 0, 0, 0, 6, 3630, 0, 7, 600, 0, 0, 0
Tue Aug 10 14:35:49 2021, 0, 0, 0, 6, 3630, 0, 7, 600, 0, 0, 0
Tue Aug 10 14:36:50 2021, 0, 0, 0, 6, 3630, 0, 7, 600, 0, 0, 0
Tue Aug 10 14:38:24 2021, 0, 0, 0, 6, 3630, 0, 7, 600, 0, 0, 0
Tue Aug 10 14:39:25 2021, 0, 0, 0, 6, 3630, 0, 7, 600, 0, 0, 0
Tue Aug 10 14:40:15 2021, 0, 0, 0, 6, 3630, 0, 7, 600, 0, 0, 0
Tue Aug 10 14:41:15 2021, 0, 0, 0, 6, 3630, 0, 7, 600, 0, 0, 0
Tue Aug 10 14:42:16 2021, 0, 0, 0, 6, 3630, 0, 7, 600, 0, 0, 0
Tue Aug 10 14:43:16 2021, 0, 0, 0, 6, 3630, 0, 7, 600, 0, 0, 0
Tue Aug 10 14:44:17 2021, 0, 0, 0, 6, 3630, 0, 7, 600, 0, 0, 0
Tue Aug 10 14:45:17 2021, 0, 0, 0, 6, 3630, 0, 7, 600, 0, 0, 0
Tue Aug 10 14:46:18 2021, 0, 0, 0, 6, 3630, 0, 7, 600, 0, 0, 0
Tue Aug 10 14:47:18 2021, 0, 0, 0, 6, 3630, 0, 7, 600, 0, 0, 0
Tue Aug 10 14:48:19 2021, 0, 0, 0, 6, 3630, 0, 7, 600, 0, 0, 0
Tue Aug 10 14:49:19 2021, 0, 0, 0, 6, 3630, 0, 7, 600, 0, 0, 0
Tue Aug 10 14:50:20 2021, 0, 0, 0, 6, 3630, 0, 7, 600, 0, 0, 0
Tue Aug 10 14:51:20 2021, 0, 0, 0, 6, 3630, 0, 7, 600, 0, 0, 0
Tue Aug 10 14:52:21 2021, 0, 0, 0, 6, 3630, 0, 7, 600, 0, 0, 0
Tue Aug 10 14:53:21 2021, 0, 0, 0, 6, 3630, 0, 7, 600, 0, 0, 0
Tue Aug 10 14:54:22 2021, 0, 0, 0, 6, 3630, 0, 7, 600, 0, 0, 0
Tue Aug 10 14:55:22 2021, 0, 0, 0, 6, 3630, 0, 7, 600, 0, 0, 0
Tue Aug 10 14:56:23 2021, 0, 0, 0, 6, 3630, 0, 7, 600, 0, 0, 0
Tue Aug 10 14:57:23 2021, 0, 0, 0, 6, 3630, 0, 7, 600, 0, 0, 0
Tue Aug 10 14:58:24 2021, 0, 0, 0, 6, 3630, 0, 7, 600, 0, 0, 0
Tue Aug 10 14:59:24 2021, 0, 0, 0, 6, 3630, 0, 7, 600, 0, 0, 0
Tue Aug 10 15:00:25 2021, 0, 0, 0, 6, 3630, 0, 7, 600, 0, 0, 0
Tue Aug 10 15:01:25 2021, 0, 0, 0, 6, 3630, 0, 7, 600, 0, 0, 0
Tue Aug 10 15:02:26 2021, 0, 0, 0, 6, 3630, 0, 7, 600, 0, 0, 0
Tue Aug 10 15:03:26 2021, 0, 0, 0, 6, 3630, 0, 7, 600, 0, 0, 0
Tue Aug 10 15:04:27 2021, 0, 0, 0, 6, 3630, 0, 7, 600, 0, 0, 0
Tue Aug 10 15:05:28 2021, 0, 0, 0, 6, 3630, 0, 7, 600, 0, 0, 0
Tue Aug 10 15:06:28 2021, 0, 0, 0, 6, 3630, 0, 7, 600, 0, 0, 0
Tue Aug 10 15:07:29 2021, 0, 0, 0, 6, 3630, 0, 7, 600, 0, 0, 0
Tue Aug 10 15:08:29 2021, 0, 0, 0, 6, 3630, 0, 7, 600, 0, 0, 0
Tue Aug 10 15:09:30 2021, 0, 0, 0, 6, 3630, 0, 7, 600, 0, 0, 0
Tue Aug 10 15:10:30 2021, 0, 0, 0, 6, 3630, 0, 7, 600, 0, 0, 0
Tue Aug 10 15:11:31 2021, 0, 0, 0, 6, 3630, 0, 7, 600, 0, 0, 0
Tue Aug 10 15:12:31 2021, 0, 0, 0, 6, 3630, 0, 7, 600, 0, 0, 0
Tue Aug 10 15:13:32 2021, 0, 0, 0, 6, 3630, 0, 7, 600, 0, 0, 0
Tue Aug 10 15:14:32 2021, 0, 0, 0, 6, 3630, 0, 7, 600, 0, 0, 0
Tue Aug 10 15:15:33 2021, 0, 0, 0, 6, 3630, 0, 7, 600, 0, 0, 0
Tue Aug 10 15:16:33 2021, 0, 0, 0, 6, 3630, 0, 7, 600, 0, 0, 0
Tue Aug 10 15:17:34 2021, 0, 0, 0, 6, 3630, 0, 7, 600, 0, 0, 0
Tue Aug 10 15:18:34 2021, 0, 0, 0, 6, 3630, 0, 7, 600, 0, 0, 0
Tue Aug 10 15:19:35 2021, 0, 0, 0, 6, 3630, 0, 7, 600, 0, 0, 0
Tue Aug 10 15:20:35 2021, 0, 0, 0, 6, 3630, 0, 7, 600, 0, 0, 0
Tue Aug 10 15:21:36 2021, 0, 0, 0, 6, 3630, 0, 7, 600, 0, 0, 0
Tue Aug 10 15:22:36 2021, 0, 0, 0, 6, 3630, 0, 7, 600, 0, 0, 0
Tue Aug 10 15:23:37 2021, 0, 0, 0, 6, 3630, 0, 7, 600, 0, 0, 0
Tue Aug 10 15:24:37 2021, 0, 0, 0, 6, 3630, 0, 7, 600, 0, 0, 0
Tue Aug 10 15:25:38 2021, 0, 0, 0, 6, 3630, 0, 7, 600, 0, 0, 0
Tue Aug 10 15:26:38 2021, 0, 0, 0, 6, 3630, 0, 7, 600, 0, 0, 0
Tue Aug 10 15:27:39 2021, 0, 0, 0, 6, 3630, 0, 7, 600, 0, 0, 0
Tue Aug 10 15:28:39 2021, 0, 0, 0, 6, 3630, 0, 7, 600, 0, 0, 0
Tue Aug 10 15:29:40 2021, 0, 0, 0, 6, 3630, 0, 7, 600, 0, 0, 0
Tue Aug 10 15:30:40 2021, 0, 0, 0, 6, 3630, 0, 7, 600, 0, 0, 0
Tue Aug 10 15:31:41 2021, 0, 0, 0, 6, 3630, 0, 7, 600, 0, 0, 0
Tue Aug 10 15:32:41 2021, 0, 0, 0, 6, 3630, 0, 7, 600, 0, 0, 0
Tue Aug 10 15:33:42 2021, 0, 0, 0, 6, 3630, 0, 7, 600, 0, 0, 0
Tue Aug 10 15:34:42 2021, 0, 0, 0, 6, 3630, 0, 7, 600, 0, 0, 0
Tue Aug 10 15:35:43 2021, 0, 0, 0, 6, 3630, 0, 7, 600, 0, 0, 0
Tue Aug 10 15:36:43 2021, 0, 0, 0, 6, 3630, 0, 7, 600, 0, 0, 0
Tue Aug 10 15:37:44 2021, 0, 0, 0, 6, 3630, 0, 7, 600, 0, 0, 0
Tue Aug 10 15:38:44 2021, 0, 0, 0, 6, 3630, 0, 7, 600, 0, 0, 0
Tue Aug 10 15:39:45 2021, 0, 0, 0, 6, 3630, 0, 7, 600, 0, 0, 0
Tue Aug 10 15:40:45 2021, 0, 0, 0, 6, 3630, 0, 7, 600, 0, 0, 0
Tue Aug 10 15:41:46 2021, 0, 0, 0, 6, 3630, 0, 7, 600, 0, 0, 0
Tue Aug 10 15:42:46 2021, 0, 0, 0, 6, 3630, 0, 7, 600, 0, 0, 0
Tue Aug 10 15:43:47 2021, 0, 0, 0, 6, 3630, 0, 7, 600, 0, 0, 0
Tue Aug 10 15:44:47 2021, 0, 0, 0, 6, 3630, 0, 7, 600, 0, 0, 0
Tue Aug 10 15:45:48 2021, 0, 0, 0, 6, 3630, 0, 7, 600, 0, 0, 0
Tue Aug 10 15:46:48 2021, 0, 0, 0, 6, 3630, 0, 7, 600, 0, 0, 0
Tue Aug 10 15:47:49 2021, 0, 0, 0, 6, 3630, 0, 7, 600, 0, 0, 0
Tue Aug 10 15:48:49 2021, 0, 0, 0, 6, 3630, 0, 7, 600, 0, 0, 0
Tue Aug 10 15:49:50 2021, 0, 0, 0, 6, 3630, 0, 7, 600, 0, 0, 0
Tue Aug 10 15:50:50 2021, 0, 0, 0, 6, 3630, 0, 7, 600, 0, 0, 0
Tue Aug 10 15:51:51 2021, 0, 0, 0, 6, 3630, 0, 7, 600, 0, 0, 0
Tue Aug 10 15:52:51 2021, 0, 0, 0, 6, 3630, 0, 7, 600, 0, 0, 0
Tue Aug 10 15:53:52 2021, 0, 0, 0, 6, 3630, 0, 7, 600, 0, 0, 0
Tue Aug 10 15:54:52 2021, 0, 0, 0, 6, 3630, 0, 7, 600, 0, 0, 0
Tue Aug 10 15:55:53 2021, 0, 0, 0, 6, 3630, 0, 7, 600, 0, 0, 0
Tue Aug 10 15:56:53 2021, 0, 0, 0, 6, 3630, 0, 7, 600, 0, 0, 0
Tue Aug 10 15:57:54 2021, 0, 0, 0, 6, 3630, 0, 7, 600, 0, 0, 0
Tue Aug 10 15:58:54 2021, 0, 0, 0, 6, 3630, 0, 7, 600, 0, 0, 0
Tue Aug 10 15:59:55 2021, 0, 0, 0, 6, 3630, 0, 7, 600, 0, 0, 0
Tue Aug 10 16:00:55 2021, 0, 0, 0, 6, 3630, 0, 7, 600, 0, 0, 0
Tue Aug 10 16:01:56 2021, 0, 0, 0, 6, 3630, 0, 7, 675, 0, 0, 0
Tue Aug 10 16:02:56 2021, 0, 0, 0, 6, 3630, 0, 7, 675, 0, 0, 0
Tue Aug 10 16:03:57 2021, 0, 0, 0, 6, 3630, 0, 7, 675, 0, 0, 0
Tue Aug 10 16:04:57 2021, 0, 0, 0, 6, 3630, 0, 7, 675, 0, 0, 0
Tue Aug 10 16:05:58 2021, 0, 0, 0, 6, 3630, 0, 7, 675, 0, 0, 0
Tue Aug 10 16:06:59 2021, 0, 0, 0, 6, 3630, 0, 7, 675, 0, 0, 0
Tue Aug 10 16:07:59 2021, 0, 0, 0, 6, 3630, 0, 7, 675, 0, 0, 0
Tue Aug 10 16:09:00 2021, 0, 0, 0, 6, 3630, 0, 7, 675, 0, 0, 0
Tue Aug 10 16:10:00 2021, 0, 0, 0, 6, 3630, 0, 7, 675, 0, 0, 0
Tue Aug 10 16:11:01 2021, 0, 0, 0, 6, 3630, 0, 7, 675, 0, 0, 0
Tue Aug 10 16:12:01 2021, 0, 0, 0, 6, 3630, 0, 7, 675, 0, 0, 0
Tue Aug 10 16:13:02 2021, 0, 0, 0, 6, 3630, 0, 7, 675, 0, 0, 0
Tue Aug 10 16:14:02 2021, 0, 0, 0, 6, 3630, 0, 7, 675, 0, 0, 0
Tue Aug 10 16:15:03 2021, 0, 0, 0, 6, 3630, 0, 7, 675, 0, 0, 0
Tue Aug 10 16:16:03 2021, 0, 0, 0, 6, 3630, 0, 7, 675, 0, 0, 0
Tue Aug 10 16:17:04 2021, 0, 0, 0, 6, 3630, 0, 7, 675, 0, 0, 0
Tue Aug 10 16:18:04 2021, 0, 0, 0, 6, 3630, 0, 7, 675, 0, 0, 0
Tue Aug 10 16:19:05 2021, 0, 0, 0, 6, 3630, 0, 7, 675, 0, 0, 0
Tue Aug 10 16:20:05 2021, 0, 0, 0, 6, 3630, 0, 7, 675, 0, 0, 0
Tue Aug 10 16:21:06 2021, 0, 0, 0, 6, 3630, 0, 7, 675, 0, 0, 0
Tue Aug 10 16:22:06 2021, 0, 0, 0, 6, 3630, 0, 7, 675, 0, 0, 0
Tue Aug 10 16:23:07 2021, 0, 0, 0, 6, 3630, 0, 7, 675, 0, 0, 0
Tue Aug 10 16:24:07 2021, 0, 0, 0, 6, 3630, 0, 7, 675, 0, 0, 0
Tue Aug 10 16:25:08 2021, 0, 0, 0, 6, 3630, 0, 7, 675, 0, 0, 0
Tue Aug 10 16:26:08 2021, 0, 0, 0, 6, 3630, 0, 7, 675, 0, 0, 0
Tue Aug 10 16:27:09 2021, 0, 0, 0, 6, 3630, 0, 7, 675, 0, 0, 0
Tue Aug 10 16:28:09 2021, 0, 0, 0, 6, 3630, 0, 7, 675, 0, 0, 0
Tue Aug 10 16:29:10 2021, 0, 0, 0, 6, 3630, 0, 7, 675, 0, 0, 0
Tue Aug 10 16:30:10 2021, 0, 0, 0, 6, 3630, 0, 7, 675, 0, 0, 0
Tue Aug 10 16:31:11 2021, 0, 0, 0, 6, 3630, 0, 7, 675, 0, 0, 0
Tue Aug 10 16:32:11 2021, 0, 0, 0, 6, 3630, 0, 7, 675, 0, 0, 0
Tue Aug 10 16:33:12 2021, 0, 0, 0, 6, 3630, 0, 7, 675, 0, 0, 0
Tue Aug 10 16:34:12 2021, 0, 0, 0, 6, 3630, 0, 7, 675, 0, 0, 0
Tue Aug 10 16:35:13 2021, 0, 0, 0, 6, 3630, 0, 7, 675, 0, 0, 0
Tue Aug 10 16:36:13 2021, 0, 0, 0, 6, 3630, 0, 7, 675, 0, 0, 0
Tue Aug 10 16:37:14 2021, 0, 0, 0, 6, 3630, 0, 7, 675, 0, 0, 0
Tue Aug 10 16:38:14 2021, 0, 0, 0, 6, 3630, 0, 7, 675, 0, 0, 0
Tue Aug 10 16:39:15 2021, 0, 0, 0, 6, 3630, 0, 7, 675, 0, 0, 0
Tue Aug 10 16:40:15 2021, 0, 0, 0, 6, 3630, 0, 7, 675, 0, 0, 0
Tue Aug 10 16:41:16 2021, 0, 0, 0, 6, 3630, 0, 7, 675, 0, 0, 0
Tue Aug 10 16:42:16 2021, 0, 0, 0, 6, 3630, 0, 7, 675, 0, 0, 0
Tue Aug 10 16:43:17 2021, 0, 0, 0, 6, 3630, 0, 7, 675, 0, 0, 0
Tue Aug 10 16:44:17 2021, 0, 0, 0, 6, 3630, 0, 7, 675, 0, 0, 0
Tue Aug 10 16:45:18 2021, 0, 0, 0, 6, 3630, 0, 7, 675, 0, 0, 0
Tue Aug 10 16:46:18 2021, 0, 0, 0, 6, 3630, 0, 7, 675, 0, 0, 0
Tue Aug 10 16:47:19 2021, 0, 0, 0, 6, 3630, 0, 7, 675, 0, 0, 0
Tue Aug 10 16:48:19 2021, 0, 0, 0, 6, 3630, 0, 7, 675, 0, 0, 0
Tue Aug 10 16:49:20 2021, 0, 0, 0, 6, 3630, 0, 7, 675, 0, 0, 0
Tue Aug 10 16:50:20 2021, 0, 0, 0, 6, 3630, 0, 7, 675, 0, 0, 0
Tue Aug 10 16:51:21 2021, 0, 0, 0, 6, 3630, 0, 7, 675, 0, 0, 0
Tue Aug 10 16:52:21 2021, 0, 0, 0, 6, 3630, 0, 7, 675, 0, 0, 0
Tue Aug 10 16:53:22 2021, 0, 0, 0, 6, 3630, 0, 7, 675, 0, 0, 0
Tue Aug 10 16:54:22 2021, 0, 0, 0, 6, 3630, 0, 7, 675, 0, 0, 0
Tue Aug 10 16:55:23 2021, 0, 0, 0, 6, 3630, 0, 7, 675, 0, 0, 0
Tue Aug 10 16:56:23 2021, 0, 0, 0, 6, 0, 0, 7, 0, 0, 0, 0
Tue Aug 10 16:57:24 2021, 0, 0, 0, 6, 3630, 0, 7, 675, 0, 0, 0
Tue Aug 10 16:58:24 2021, 0, 0, 0, 6, 3630, 0, 7, 675, 0, 0, 0
Tue Aug 10 16:59:25 2021, 0, 0, 0, 6, 3630, 0, 7, 675, 0, 0, 0
Tue Aug 10 17:00:26 2021, 0, 0, 0, 6, 3630, 0, 7, 675, 0, 0, 0
Tue Aug 10 17:01:26 2021, 0, 0, 0, 6, 3630, 0, 7, 675, 0, 0, 0
